[2025-12-04 11:28:01] Executing startup tasks
[2025-12-04 11:28:01] OpenJDK Runtime Environment 17.0.2+8
[2025-12-04 11:28:01] Product self.product.version
[2025-12-04 11:28:01] Workspace /Users/riccardoromanello/Desktop/Hide-after-valuetools/Git Valuetools/runtime-EclipseApplication
[2025-12-04 11:28:01] Bundle org.eclipse.oomph.setup 1.25.0.v20220903-1123, build=5632, branch=e5d50810299859e75a8731a209e2f3442e7a94f5
[2025-12-04 11:28:01] Bundle org.eclipse.oomph.setup.core 1.25.0.v20220822-1127, build=5632, branch=e5d50810299859e75a8731a209e2f3442e7a94f5
[2025-12-04 11:28:01] Bundle org.eclipse.oomph.setup.p2 1.19.0.v20220607-1104, build=5632, branch=e5d50810299859e75a8731a209e2f3442e7a94f5
[2025-12-04 11:28:01] Performing Preference /instance/org.eclipse.debug.ui/org.eclipse.debug.ui.changedDebugElement = 255,0,0
[2025-12-04 11:28:01] Performing Preference /instance/org.eclipse.debug.ui/org.eclipse.debug.ui.consoleBackground = 255,255,255
[2025-12-04 11:28:01] Performing Preference /instance/org.eclipse.debug.ui/org.eclipse.debug.ui.errorColor = 255,0,0
[2025-12-04 11:28:01] Performing Preference /instance/org.eclipse.debug.ui/org.eclipse.debug.ui.inColor = 0,200,125
[2025-12-04 11:28:01] Performing Preference /instance/org.eclipse.debug.ui/org.eclipse.debug.ui.MemoryHistoryKnownColor = 0,0,0
[2025-12-04 11:28:01] Performing Preference /instance/org.eclipse.debug.ui/org.eclipse.debug.ui.MemoryHistoryUnknownColor = 114,119,129
[2025-12-04 11:28:01] Performing Preference /instance/org.eclipse.debug.ui/org.eclipse.debug.ui.outColor = 0,0,0
[2025-12-04 11:28:01] Performing Preference /instance/org.eclipse.debug.ui/org.eclipse.debug.ui.PREF_CHANGED_VALUE_BACKGROUND = 255,255,0
[2025-12-04 11:28:01] Performing Preference /instance/org.eclipse.e4.ui.css.swt.theme/themeid = org.eclipse.e4.ui.css.theme.e4_classic
[2025-12-04 11:28:01] Performing Preference /instance/org.eclipse.e4.ui.workbench.renderers.swt/enableMRU = false
[2025-12-04 11:28:01] Performing Preference /instance/org.eclipse.e4.ui.workbench.renderers.swt/themeEnabled = true
[2025-12-04 11:28:01] Performing Preference /instance/org.eclipse.e4.ui.workbench.renderers.swt/USE_ROUND_TABS = false
[2025-12-04 11:28:01] Performing Preference /instance/org.eclipse.jdt.ui/sourceHoverBackgroundColor = 236,235,236
[2025-12-04 11:28:01] Performing Preference /instance/org.eclipse.pde.ui/editor.color.default = 0,0,0
[2025-12-04 11:28:01] Performing Preference /instance/org.eclipse.pde.ui/editor.color.externalized_string = 128,0,128
[2025-12-04 11:28:01] Performing Preference /instance/org.eclipse.pde.ui/editor.color.header_assignment = 0,0,0
[2025-12-04 11:28:01] Performing Preference /instance/org.eclipse.pde.ui/editor.color.header_attributes = 128,128,0
[2025-12-04 11:28:01] Performing Preference /instance/org.eclipse.pde.ui/editor.color.header_key = 128,0,0
[2025-12-04 11:28:01] Performing Preference /instance/org.eclipse.pde.ui/editor.color.header_osgi = 128,0,0
[2025-12-04 11:28:01] Performing Preference /instance/org.eclipse.pde.ui/editor.color.header_value = 0,0,0
[2025-12-04 11:28:01] Performing Preference /instance/org.eclipse.pde.ui/editor.color.instr = 128,128,128
[2025-12-04 11:28:01] Performing Preference /instance/org.eclipse.pde.ui/editor.color.string = 0,128,0
[2025-12-04 11:28:01] Performing Preference /instance/org.eclipse.pde.ui/editor.color.tag = 0,0,128
[2025-12-04 11:28:01] Performing Preference /instance/org.eclipse.pde.ui/editor.color.xml_comment = 128,0,0
[2025-12-04 11:28:01] Performing Preference /instance/org.eclipse.ui/USE_COLORED_LABELS = false
[2025-12-04 11:28:02] Performing Preference /instance/org.eclipse.ui.editors/AbstractTextEditor.Color.Background = 255,255,255
[2025-12-04 11:28:02] Performing Preference /instance/org.eclipse.ui.editors/AbstractTextEditor.Color.Background.SystemDefault = false
[2025-12-04 11:28:02] Performing Preference /instance/org.eclipse.ui.editors/AbstractTextEditor.Color.FindScope = 185,176,180
[2025-12-04 11:28:02] Performing Preference /instance/org.eclipse.ui.editors/AbstractTextEditor.Color.Foreground = 0,0,0
[2025-12-04 11:28:02] Performing Preference /instance/org.eclipse.ui.editors/AbstractTextEditor.Color.Foreground.SystemDefault = true
[2025-12-04 11:28:02] Performing Preference /instance/org.eclipse.ui.editors/AbstractTextEditor.Color.SelectionBackground.SystemDefault = true
[2025-12-04 11:28:02] Performing Preference /instance/org.eclipse.ui.editors/AbstractTextEditor.Color.SelectionForeground.SystemDefault = true
[2025-12-04 11:28:02] Performing Preference /instance/org.eclipse.ui.editors/breakpointIndicationColor = 0,0,255
[2025-12-04 11:28:02] Performing Preference /instance/org.eclipse.ui.editors/currentIPColor = 198,219,174
[2025-12-04 11:28:02] Performing Preference /instance/org.eclipse.ui.editors/currentLineColor = 232,242,254
[2025-12-04 11:28:02] Performing Preference /instance/org.eclipse.ui.editors/deletionIndicationColor = 0,0,0
[2025-12-04 11:28:02] Performing Preference /instance/org.eclipse.ui.editors/filteredSearchResultIndicationColor = 237,237,252
[2025-12-04 11:28:02] Performing Preference /instance/org.eclipse.ui.editors/fullcoverage_color = 192,255,192
[2025-12-04 11:28:02] Performing Preference /instance/org.eclipse.ui.editors/hyperlinkColor = 0,104,218
[2025-12-04 11:28:02] Performing Preference /instance/org.eclipse.ui.editors/hyperlinkColor.SystemDefault = true
[2025-12-04 11:28:02] Performing Preference /instance/org.eclipse.ui.editors/infoIndicationColor = 130,160,190
[2025-12-04 11:28:02] Performing Preference /instance/org.eclipse.ui.editors/lineNumberColor = 120,120,120
[2025-12-04 11:28:02] Performing Preference /instance/org.eclipse.ui.editors/linked.slave.color = 180,215,255
[2025-12-04 11:28:02] Performing Preference /instance/org.eclipse.ui.editors/LSP4EReadOccurrenceIndicationColor = 212,212,212
[2025-12-04 11:28:02] Performing Preference /instance/org.eclipse.ui.editors/LSP4ETextOccurrenceIndicationColor = 212,212,212
[2025-12-04 11:28:02] Performing Preference /instance/org.eclipse.ui.editors/LSP4EWriteOccurrenceIndicationColor = 240,216,168
[2025-12-04 11:28:02] Performing Preference /instance/org.eclipse.ui.editors/matchingTagIndicationColor = 212,212,212
[2025-12-04 11:28:02] Performing Preference /instance/org.eclipse.ui.editors/nocoverage_color = 255,160,160
[2025-12-04 11:28:02] Performing Preference /instance/org.eclipse.ui.editors/occurrenceIndicationColor = 212,212,212
[2025-12-04 11:28:02] Performing Preference /instance/org.eclipse.ui.editors/overrideIndicatorColor = 180,207,205
[2025-12-04 11:28:02] Performing Preference /instance/org.eclipse.ui.editors/partialcoverage_color = 255,255,128
[2025-12-04 11:28:02] Performing Preference /instance/org.eclipse.ui.editors/printMarginColor = 176,180,185
[2025-12-04 11:28:02] Performing Preference /instance/org.eclipse.ui.editors/searchResultHighlighting = true
[2025-12-04 11:28:02] Performing Preference /instance/org.eclipse.ui.editors/searchResultIndication = false
[2025-12-04 11:28:02] Performing Preference /instance/org.eclipse.ui.editors/searchResultIndicationColor = 206,204,247
[2025-12-04 11:28:02] Performing Preference /instance/org.eclipse.ui.editors/searchResultTextStyle = NONE
[2025-12-04 11:28:02] Performing Preference /instance/org.eclipse.ui.editors/secondaryIPColor = 219,235,204
[2025-12-04 11:28:02] Performing Preference /instance/org.eclipse.ui.editors/spellingIndicationColor = 255,128,64
[2025-12-04 11:28:02] Performing Preference /instance/org.eclipse.ui.editors/TextOccurrenceIndicationColor = 212,212,212
[2025-12-04 11:28:02] Performing Preference /instance/org.eclipse.ui.editors/writeOccurrenceIndicationColor = 240,216,168
[2025-12-04 11:28:02] Performing Preference /instance/org.eclipse.ui.workbench/ACTIVE_HYPERLINK_COLOR = 0,73,153
[2025-12-04 11:28:02] Performing Preference /instance/org.eclipse.ui.workbench/ColorsAndFontsPreferencePage.expandedCategories = Torg.eclipse.ui.workbenchMisc...
[2025-12-04 11:28:02] Performing Preference /instance/org.eclipse.ui.workbench/ColorsAndFontsPreferencePage.selectedElement = CCONTENT_ASSIST_BACKGROUND_COLOR
[2025-12-04 11:28:02] Performing Preference /instance/org.eclipse.ui.workbench/CONTENT_ASSIST_BACKGROUND_COLOR = 255,255,255
[2025-12-04 11:28:02] Performing Preference /instance/org.eclipse.ui.workbench/CONTENT_ASSIST_FOREGROUND_COLOR = 0,0,0
[2025-12-04 11:28:02] Performing Preference /instance/org.eclipse.ui.workbench/HYPERLINK_COLOR = 0,104,218
[2025-12-04 11:28:02] Performing Preference /instance/org.eclipse.ui.workbench/org.eclipse.egit.ui.IgnoredResourceBackgroundColor = 255,255,255
[2025-12-04 11:28:02] Performing Preference /instance/org.eclipse.ui.workbench/org.eclipse.egit.ui.IgnoredResourceForegroundColor = 0,0,0
[2025-12-04 11:28:02] Performing Preference /instance/org.eclipse.ui.workbench/org.eclipse.egit.ui.UncommittedChangeBackgroundColor = 255,255,255
[2025-12-04 11:28:02] Performing Preference /instance/org.eclipse.ui.workbench/org.eclipse.egit.ui.UncommittedChangeForegroundColor = 0,0,0
[2025-12-04 11:28:02] Performing Preference /instance/org.eclipse.ui.workbench/org.eclipse.ui.editors.rangeIndicatorColor = 179,215,255
[2025-12-04 11:28:02] Performing Preference /instance/org.eclipse.ui.workbench/org.eclipse.ui.workbench.ACTIVE_NOFOCUS_TAB_SELECTED_TEXT_COLOR = 0,1,2
[2025-12-04 11:28:02] Performing Preference /instance/org.eclipse.ui.workbench/org.eclipse.ui.workbench.ACTIVE_TAB_INNER_KEYLINE_COLOR = 0,1,2
[2025-12-04 11:28:02] Performing Preference /instance/org.eclipse.ui.workbench/org.eclipse.ui.workbench.ACTIVE_TAB_OUTER_KEYLINE_COLOR = 0,1,2
[2025-12-04 11:28:02] Performing Preference /instance/org.eclipse.ui.workbench/org.eclipse.ui.workbench.ACTIVE_TAB_OUTLINE_COLOR = 0,1,2
[2025-12-04 11:28:02] Performing Preference /instance/org.eclipse.ui.workbench/org.eclipse.ui.workbench.ACTIVE_TAB_SELECTED_TEXT_COLOR = 0,1,2
[2025-12-04 11:28:02] Performing Preference /instance/org.eclipse.ui.workbench/org.eclipse.ui.workbench.ACTIVE_TAB_UNSELECTED_TEXT_COLOR = 0,1,2
[2025-12-04 11:28:02] Performing Preference /instance/org.eclipse.ui.workbench/org.eclipse.ui.workbench.ACTIVE_UNSELECTED_TABS_COLOR_END = 0,1,2
[2025-12-04 11:28:02] Performing Preference /instance/org.eclipse.ui.workbench/org.eclipse.ui.workbench.ACTIVE_UNSELECTED_TABS_COLOR_START = 0,1,2
[2025-12-04 11:28:02] Performing Preference /instance/org.eclipse.ui.workbench/org.eclipse.ui.workbench.DARK_BACKGROUND = 0,1,2
[2025-12-04 11:28:02] Performing Preference /instance/org.eclipse.ui.workbench/org.eclipse.ui.workbench.DARK_FOREGROUND = 0,1,2
[2025-12-04 11:28:02] Performing Preference /instance/org.eclipse.ui.workbench/org.eclipse.ui.workbench.INACTIVE_TAB_INNER_KEYLINE_COLOR = 0,1,2
[2025-12-04 11:28:02] Performing Preference /instance/org.eclipse.ui.workbench/org.eclipse.ui.workbench.INACTIVE_TAB_OUTER_KEYLINE_COLOR = 0,1,2
[2025-12-04 11:28:02] Performing Preference /instance/org.eclipse.ui.workbench/org.eclipse.ui.workbench.INACTIVE_TAB_OUTLINE_COLOR = 0,1,2
[2025-12-04 11:28:02] Performing Preference /instance/org.eclipse.ui.workbench/org.eclipse.ui.workbench.INACTIVE_TAB_SELECTED_TEXT_COLOR = 0,1,2
[2025-12-04 11:28:02] Performing Preference /instance/org.eclipse.ui.workbench/org.eclipse.ui.workbench.INACTIVE_TAB_UNSELECTED_TEXT_COLOR = 0,1,2
[2025-12-04 11:28:02] Performing Preference /instance/org.eclipse.ui.workbench/org.eclipse.ui.workbench.INACTIVE_UNSELECTED_TABS_COLOR_END = 0,1,2
[2025-12-04 11:28:02] Performing Preference /instance/org.eclipse.ui.workbench/org.eclipse.ui.workbench.INACTIVE_UNSELECTED_TABS_COLOR_START = 0,1,2
[2025-12-04 11:28:02] Performing Preference /instance/org.eclipse.ui.workbench/org.eclipse.ui.workbench.LINK_COLOR = 0,1,2
[2025-12-04 11:28:02] 
[2025-12-04 11:57:18] Executing startup tasks
[2025-12-04 11:57:19] OpenJDK Runtime Environment 17.0.2+8
[2025-12-04 11:57:19] Product self.product.version
[2025-12-04 11:57:19] Workspace /Users/riccardoromanello/Desktop/Hide-after-valuetools/Git Valuetools/runtime-EclipseApplication
[2025-12-04 11:57:19] Bundle org.eclipse.oomph.setup 1.25.0.v20220903-1123, build=5632, branch=e5d50810299859e75a8731a209e2f3442e7a94f5
[2025-12-04 11:57:19] Bundle org.eclipse.oomph.setup.core 1.25.0.v20220822-1127, build=5632, branch=e5d50810299859e75a8731a209e2f3442e7a94f5
[2025-12-04 11:57:19] Bundle org.eclipse.oomph.setup.p2 1.19.0.v20220607-1104, build=5632, branch=e5d50810299859e75a8731a209e2f3442e7a94f5
[2025-12-04 11:57:19] Performing Preference /instance/org.eclipse.ant.ui/org.eclipse.ant.ui.commentsColor = 204,204,204
[2025-12-04 11:57:19] Performing Preference /instance/org.eclipse.ant.ui/org.eclipse.ant.ui.constantStringsColor = 23,198,163
[2025-12-04 11:57:19] Performing Preference /instance/org.eclipse.ant.ui/org.eclipse.ant.ui.constantStringsColor_italic = true
[2025-12-04 11:57:19] Performing Preference /instance/org.eclipse.ant.ui/org.eclipse.ant.ui.debugColor = 235,235,235
[2025-12-04 11:57:19] Performing Preference /instance/org.eclipse.ant.ui/org.eclipse.ant.ui.dtdColor = 140,210,20
[2025-12-04 11:57:19] Performing Preference /instance/org.eclipse.ant.ui/org.eclipse.ant.ui.errorColor = 225,30,70
[2025-12-04 11:57:19] Performing Preference /instance/org.eclipse.ant.ui/org.eclipse.ant.ui.informationColor = 140,175,210
[2025-12-04 11:57:19] Performing Preference /instance/org.eclipse.ant.ui/org.eclipse.ant.ui.processingInstructionsColor = 221,40,103
[2025-12-04 11:57:19] Performing Preference /instance/org.eclipse.ant.ui/org.eclipse.ant.ui.processingInstructionsColor_bold = true
[2025-12-04 11:57:19] Performing Preference /instance/org.eclipse.ant.ui/org.eclipse.ant.ui.tagsColor = 38,139,210
[2025-12-04 11:57:19] Performing Preference /instance/org.eclipse.ant.ui/org.eclipse.ant.ui.tagsColor_bold = true
[2025-12-04 11:57:19] Performing Preference /instance/org.eclipse.ant.ui/org.eclipse.ant.ui.textColor = 217,232,247
[2025-12-04 11:57:19] Performing Preference /instance/org.eclipse.ant.ui/overriddenByCSS = ,org.eclipse.ant.ui.commentsColor,org.eclipse.ant.ui.constantStringsColor,org.eclipse.ant.ui.constantStringsColor_italic,org.eclipse.ant.ui.dtdColor,org.eclipse.ant.ui.processingInstructionsColor,org.eclipse.ant.ui.processingInstructionsColor_bold,org.eclipse.ant.ui.tagsColor,org.eclipse.ant.ui.tagsColor_bold,org.eclipse.ant.ui.textColor,org.eclipse.ant.ui.debugColor,org.eclipse.ant.ui.errorColor,org.eclipse.ant.ui.informationColor,
[2025-12-04 11:57:19] Performing Preference /instance/org.eclipse.debug.ui/org.eclipse.debug.ui.changedDebugElement = 255,128,128
[2025-12-04 11:57:19] Performing Preference /instance/org.eclipse.debug.ui/org.eclipse.debug.ui.consoleBackground = 53,53,53
[2025-12-04 11:57:19] Performing Preference /instance/org.eclipse.debug.ui/org.eclipse.debug.ui.errorColor = 225,30,70
[2025-12-04 11:57:19] Performing Preference /instance/org.eclipse.debug.ui/org.eclipse.debug.ui.inColor = 140,175,210
[2025-12-04 11:57:19] Performing Preference /instance/org.eclipse.debug.ui/org.eclipse.debug.ui.MemoryHistoryKnownColor = 235,235,235
[2025-12-04 11:57:19] Performing Preference /instance/org.eclipse.debug.ui/org.eclipse.debug.ui.MemoryHistoryUnknownColor = 170,175,185
[2025-12-04 11:57:19] Performing Preference /instance/org.eclipse.debug.ui/org.eclipse.debug.ui.outColor = 235,235,235
[2025-12-04 11:57:19] Performing Preference /instance/org.eclipse.debug.ui/org.eclipse.debug.ui.PREF_CHANGED_VALUE_BACKGROUND = 150,80,115
[2025-12-04 11:57:19] Performing Preference /instance/org.eclipse.debug.ui/overriddenByCSS = ,org.eclipse.debug.ui.MemoryHistoryKnownColor,org.eclipse.debug.ui.MemoryHistoryUnknownColor,org.eclipse.debug.ui.PREF_CHANGED_VALUE_BACKGROUND,org.eclipse.debug.ui.changedDebugElement,org.eclipse.debug.ui.consoleBackground,org.eclipse.debug.ui.errorColor,org.eclipse.debug.ui.inColor,org.eclipse.debug.ui.outColor,
[2025-12-04 11:57:19] Performing Preference /instance/org.eclipse.e4.ui.css.swt.theme/themeid = org.eclipse.e4.ui.css.theme.e4_dark
[2025-12-04 11:57:19] Performing Preference /instance/org.eclipse.jdt.ui/content_assist_completion_replacement_background = 200,200,0
[2025-12-04 11:57:19] Performing Preference /instance/org.eclipse.jdt.ui/content_assist_completion_replacement_foreground = 200,0,0
[2025-12-04 11:57:19] Performing Preference /instance/org.eclipse.jdt.ui/content_assist_parameters_background = 52,57,61
[2025-12-04 11:57:19] Performing Preference /instance/org.eclipse.jdt.ui/content_assist_parameters_foreground = 238,238,238
[2025-12-04 11:57:19] Performing Preference /instance/org.eclipse.jdt.ui/java_bracket = 249,250,244
[2025-12-04 11:57:19] Performing Preference /instance/org.eclipse.jdt.ui/java_comment_task_tag = 154,140,124
[2025-12-04 11:57:19] Performing Preference /instance/org.eclipse.jdt.ui/java_default = 217,232,247
[2025-12-04 11:57:19] Performing Preference /instance/org.eclipse.jdt.ui/java_doc_default = 128,128,128
[2025-12-04 11:57:19] Performing Preference /instance/org.eclipse.jdt.ui/java_doc_keyword = 154,140,124
[2025-12-04 11:57:19] Performing Preference /instance/org.eclipse.jdt.ui/java_doc_link = 169,156,140
[2025-12-04 11:57:19] Performing Preference /instance/org.eclipse.jdt.ui/java_doc_tag = 30,120,155
[2025-12-04 11:57:19] Performing Preference /instance/org.eclipse.jdt.ui/java_keyword = 204,108,29
[2025-12-04 11:57:19] Performing Preference /instance/org.eclipse.jdt.ui/java_keyword_bold = false
[2025-12-04 11:57:19] Performing Preference /instance/org.eclipse.jdt.ui/java_keyword_return = 204,108,29
[2025-12-04 11:57:19] Performing Preference /instance/org.eclipse.jdt.ui/java_keyword_return_bold = false
[2025-12-04 11:57:19] Performing Preference /instance/org.eclipse.jdt.ui/java_multi_line_comment = 128,128,128
[2025-12-04 11:57:19] Performing Preference /instance/org.eclipse.jdt.ui/java_operator = 230,230,250
[2025-12-04 11:57:19] Performing Preference /instance/org.eclipse.jdt.ui/java_single_line_comment = 128,128,128
[2025-12-04 11:57:19] Performing Preference /instance/org.eclipse.jdt.ui/java_string = 23,198,163
[2025-12-04 11:57:19] Performing Preference /instance/org.eclipse.jdt.ui/matchingBracketsColor = 249,250,244
[2025-12-04 11:57:19] Performing Preference /instance/org.eclipse.jdt.ui/overriddenByCSS = ,content_assist_completion_replacement_background,content_assist_completion_replacement_foreground,content_assist_parameters_background,content_assist_parameters_foreground,content_assist_proposals_background,content_assist_proposals_foreground,java_bracket,java_comment_task_tag,java_default,java_doc_default,java_doc_keyword,java_doc_link,java_doc_tag,java_keyword,java_keyword_bold,java_keyword_return,java_keyword_return_bold,java_multi_line_comment,java_operator,java_single_line_comment,java_string,matchingBracketsColor,pf_coloring_argument,pf_coloring_assignment,pf_coloring_comment,pf_coloring_key,pf_coloring_value,semanticHighlighting.abstractClass.color,semanticHighlighting.abstractClass.enabled,semanticHighlighting.abstractMethodInvocation.color,semanticHighlighting.abstractMethodInvocation.enabled,semanticHighlighting.annotation.color,semanticHighlighting.annotation.enabled,semanticHighlighting.annotation.italic,semanticHighlighting.annotationElementReference.color,semanticHighlighting.annotationElementReference.enabled,semanticHighlighting.class.color,semanticHighlighting.class.enabled,semanticHighlighting.deprecatedMember.color,semanticHighlighting.deprecatedMember.enabled,semanticHighlighting.deprecatedMember.underline,semanticHighlighting.deprecatedMember.strikethrough,semanticHighlighting.enum.color,semanticHighlighting.enum.enabled,semanticHighlighting.enum.italic,semanticHighlighting.field.color,semanticHighlighting.field.enabled,semanticHighlighting.inheritedField.color,semanticHighlighting.inheritedMethodInvocation.color,semanticHighlighting.inheritedMethodInvocation.enabled,semanticHighlighting.interface.color,semanticHighlighting.interface.enabled,semanticHighlighting.localVariable.color,semanticHighlighting.localVariable.enabled,semanticHighlighting.localVariableDeclaration.color,semanticHighlighting.localVariableDeclaration.enabled,semanticHighlighting.localVariableDeclaration.bold,semanticHighlighting.method.color,semanticHighlighting.method.enabled,semanticHighlighting.methodDeclarationName.color,semanticHighlighting.methodDeclarationName.enabled,semanticHighlighting.methodDeclarationName.bold,semanticHighlighting.number.color,semanticHighlighting.number.enabled,semanticHighlighting.parameterVariable.color,semanticHighlighting.parameterVariable.enabled,semanticHighlighting.staticField.color,semanticHighlighting.staticField.enabled,semanticHighlighting.staticFinalField.color,semanticHighlighting.staticFinalField.enabled,semanticHighlighting.staticMethodInvocation.color,semanticHighlighting.staticMethodInvocation.enabled,semanticHighlighting.typeArgument.color,semanticHighlighting.typeArgument.enabled,semanticHighlighting.typeParameter.color,semanticHighlighting.typeParameter.enabled,semanticHighlighting.typeParameter.bold,semanticHighlighting.restrictedKeywords.color,semanticHighlighting.restrictedKeywords.bold,sourceHoverBackgroundColor,
[2025-12-04 11:57:19] Performing Preference /instance/org.eclipse.jdt.ui/pf_coloring_argument = 221,40,103
[2025-12-04 11:57:19] Performing Preference /instance/org.eclipse.jdt.ui/pf_coloring_assignment = 217,232,247
[2025-12-04 11:57:19] Performing Preference /instance/org.eclipse.jdt.ui/pf_coloring_comment = 128,128,128
[2025-12-04 11:57:19] Performing Preference /instance/org.eclipse.jdt.ui/pf_coloring_key = 217,232,247
[2025-12-04 11:57:19] Performing Preference /instance/org.eclipse.jdt.ui/pf_coloring_value = 23,198,163
[2025-12-04 11:57:19] Performing Preference /instance/org.eclipse.jdt.ui/semanticHighlighting.abstractClass.color = 62,171,230
[2025-12-04 11:57:19] Performing Preference /instance/org.eclipse.jdt.ui/semanticHighlighting.abstractClass.enabled = true
[2025-12-04 11:57:19] Performing Preference /instance/org.eclipse.jdt.ui/semanticHighlighting.abstractMethodInvocation.color = 128,246,167
[2025-12-04 11:57:19] Performing Preference /instance/org.eclipse.jdt.ui/semanticHighlighting.abstractMethodInvocation.enabled = true
[2025-12-04 11:57:19] Performing Preference /instance/org.eclipse.jdt.ui/semanticHighlighting.annotation.color = 160,160,160
[2025-12-04 11:57:19] Performing Preference /instance/org.eclipse.jdt.ui/semanticHighlighting.annotation.italic = true
[2025-12-04 11:57:19] Performing Preference /instance/org.eclipse.jdt.ui/semanticHighlighting.annotationElementReference.color = 235,75,100
[2025-12-04 11:57:19] Performing Preference /instance/org.eclipse.jdt.ui/semanticHighlighting.annotationElementReference.enabled = true
[2025-12-04 11:57:19] Performing Preference /instance/org.eclipse.jdt.ui/semanticHighlighting.class.color = 18,144,195
[2025-12-04 11:57:19] Performing Preference /instance/org.eclipse.jdt.ui/semanticHighlighting.class.enabled = true
[2025-12-04 11:57:19] Performing Preference /instance/org.eclipse.jdt.ui/semanticHighlighting.deprecatedMember.color = 128,128,128
[2025-12-04 11:57:19] Performing Preference /instance/org.eclipse.jdt.ui/semanticHighlighting.enum.color = 204,129,186
[2025-12-04 11:57:19] Performing Preference /instance/org.eclipse.jdt.ui/semanticHighlighting.enum.enabled = true
[2025-12-04 11:57:19] Performing Preference /instance/org.eclipse.jdt.ui/semanticHighlighting.enum.italic = true
[2025-12-04 11:57:19] Performing Preference /instance/org.eclipse.jdt.ui/semanticHighlighting.field.color = 102,225,248
[2025-12-04 11:57:19] Performing Preference /instance/org.eclipse.jdt.ui/semanticHighlighting.inheritedField.color = 143,143,191
[2025-12-04 11:57:19] Performing Preference /instance/org.eclipse.jdt.ui/semanticHighlighting.inheritedMethodInvocation.color = 205,246,104
[2025-12-04 11:57:19] Performing Preference /instance/org.eclipse.jdt.ui/semanticHighlighting.inheritedMethodInvocation.enabled = true
[2025-12-04 11:57:19] Performing Preference /instance/org.eclipse.jdt.ui/semanticHighlighting.interface.color = 128,242,246
[2025-12-04 11:57:19] Performing Preference /instance/org.eclipse.jdt.ui/semanticHighlighting.interface.enabled = true
[2025-12-04 11:57:19] Performing Preference /instance/org.eclipse.jdt.ui/semanticHighlighting.localVariable.color = 243,236,121
[2025-12-04 11:57:19] Performing Preference /instance/org.eclipse.jdt.ui/semanticHighlighting.localVariableDeclaration.bold = false
[2025-12-04 11:57:19] Performing Preference /instance/org.eclipse.jdt.ui/semanticHighlighting.localVariableDeclaration.color = 242,242,0
[2025-12-04 11:57:19] Performing Preference /instance/org.eclipse.jdt.ui/semanticHighlighting.localVariableDeclaration.enabled = true
[2025-12-04 11:57:19] Performing Preference /instance/org.eclipse.jdt.ui/semanticHighlighting.method.color = 167,236,33
[2025-12-04 11:57:19] Performing Preference /instance/org.eclipse.jdt.ui/semanticHighlighting.method.enabled = true
[2025-12-04 11:57:19] Performing Preference /instance/org.eclipse.jdt.ui/semanticHighlighting.methodDeclarationName.bold = false
[2025-12-04 11:57:19] Performing Preference /instance/org.eclipse.jdt.ui/semanticHighlighting.methodDeclarationName.color = 30,181,64
[2025-12-04 11:57:19] Performing Preference /instance/org.eclipse.jdt.ui/semanticHighlighting.methodDeclarationName.enabled = true
[2025-12-04 11:57:19] Performing Preference /instance/org.eclipse.jdt.ui/semanticHighlighting.number.color = 104,151,187
[2025-12-04 11:57:19] Performing Preference /instance/org.eclipse.jdt.ui/semanticHighlighting.number.enabled = true
[2025-12-04 11:57:19] Performing Preference /instance/org.eclipse.jdt.ui/semanticHighlighting.parameterVariable.color = 121,171,255
[2025-12-04 11:57:19] Performing Preference /instance/org.eclipse.jdt.ui/semanticHighlighting.parameterVariable.enabled = true
[2025-12-04 11:57:19] Performing Preference /instance/org.eclipse.jdt.ui/semanticHighlighting.restrictedKeywords.bold = false
[2025-12-04 11:57:19] Performing Preference /instance/org.eclipse.jdt.ui/semanticHighlighting.restrictedKeywords.color = 204,108,29
[2025-12-04 11:57:19] Performing Preference /instance/org.eclipse.jdt.ui/semanticHighlighting.staticField.color = 141,218,248
[2025-12-04 11:57:19] Performing Preference /instance/org.eclipse.jdt.ui/semanticHighlighting.staticFinalField.color = 141,218,248
[2025-12-04 11:57:19] Performing Preference /instance/org.eclipse.jdt.ui/semanticHighlighting.staticMethodInvocation.color = 150,236,63
[2025-12-04 11:57:19] Performing Preference /instance/org.eclipse.jdt.ui/semanticHighlighting.typeArgument.color = 177,102,218
[2025-12-04 11:57:19] Performing Preference /instance/org.eclipse.jdt.ui/semanticHighlighting.typeArgument.enabled = true
[2025-12-04 11:57:19] Performing Preference /instance/org.eclipse.jdt.ui/semanticHighlighting.typeParameter.bold = false
[2025-12-04 11:57:19] Performing Preference /instance/org.eclipse.jdt.ui/semanticHighlighting.typeParameter.color = 191,164,164
[2025-12-04 11:57:19] Performing Preference /instance/org.eclipse.jdt.ui/semanticHighlighting.typeParameter.enabled = true
[2025-12-04 11:57:19] Performing Preference /instance/org.eclipse.jdt.ui/sourceHoverBackgroundColor = 68,68,68
[2025-12-04 11:57:19] Performing Preference /instance/org.eclipse.jst.jsp.ui/overriddenByCSS = ,SCRIPT_AREA_BORDER,tagAttributeEquals,tagAttributeName,tagAttributeValue,tagName,tagBorder,
[2025-12-04 11:57:19] Performing Preference /instance/org.eclipse.jst.jsp.ui/SCRIPT_AREA_BORDER = #fbd153 | null | false | false | false | false
[2025-12-04 11:57:19] Performing Preference /instance/org.eclipse.jst.jsp.ui/tagAttributeEquals = #52ca11 | null | false | false | false | false
[2025-12-04 11:57:19] Performing Preference /instance/org.eclipse.jst.jsp.ui/tagAttributeName = #a7ec21 | null | false | false | false | false
[2025-12-04 11:57:19] Performing Preference /instance/org.eclipse.jst.jsp.ui/tagAttributeValue = #17c694 | null | false | true | false | false
[2025-12-04 11:57:19] Performing Preference /instance/org.eclipse.jst.jsp.ui/tagBorder = #808080 | null | false | false | false | false
[2025-12-04 11:57:19] Performing Preference /instance/org.eclipse.jst.jsp.ui/tagName = #03a8d8 | null | true | false | false | false
[2025-12-04 11:57:19] Performing Preference /instance/org.eclipse.mylyn.wikitext.ui/block-bc = font-family: monospace; color: #569cd6;
[2025-12-04 11:57:19] Performing Preference /instance/org.eclipse.mylyn.wikitext.ui/block-h1 = font-size: 120%; font-weight: bold; color: #569cd6;
[2025-12-04 11:57:19] Performing Preference /instance/org.eclipse.mylyn.wikitext.ui/block-h2 = font-size: 110%; font-weight: bold; color: #569cd6;
[2025-12-04 11:57:19] Performing Preference /instance/org.eclipse.mylyn.wikitext.ui/block-h3 = font-size: 105%; font-weight: bold; color: #569cd6;
[2025-12-04 11:57:19] Performing Preference /instance/org.eclipse.mylyn.wikitext.ui/block-h4 = font-weight: bold; color: #569cd6;
[2025-12-04 11:57:19] Performing Preference /instance/org.eclipse.mylyn.wikitext.ui/block-h5 = font-size: 90%; font-weight: bold; color: #569cd6;
[2025-12-04 11:57:19] Performing Preference /instance/org.eclipse.mylyn.wikitext.ui/block-h6 = font-size: 80%; font-weight: bold; color: #569cd6;
[2025-12-04 11:57:19] Performing Preference /instance/org.eclipse.mylyn.wikitext.ui/overriddenByCSS = ,block-h1,block-h2,block-h3,block-h4,block-h5,block-h6,phrase-code,block-bc,
[2025-12-04 11:57:19] Performing Preference /instance/org.eclipse.mylyn.wikitext.ui/phrase-code = font-family: monospace; color:  #569cd6;
[2025-12-04 11:57:19] Performing Preference /instance/org.eclipse.pde.ui/editor.color.default = 217,232,247
[2025-12-04 11:57:19] Performing Preference /instance/org.eclipse.pde.ui/editor.color.externalized_string = 140,210,20
[2025-12-04 11:57:19] Performing Preference /instance/org.eclipse.pde.ui/editor.color.externalized_string_italic = true
[2025-12-04 11:57:19] Performing Preference /instance/org.eclipse.pde.ui/editor.color.header_assignment = 103,207,241
[2025-12-04 11:57:19] Performing Preference /instance/org.eclipse.pde.ui/editor.color.header_assignment_bold = true
[2025-12-04 11:57:19] Performing Preference /instance/org.eclipse.pde.ui/editor.color.header_attributes = 140,210,20
[2025-12-04 11:57:19] Performing Preference /instance/org.eclipse.pde.ui/editor.color.header_key = 221,40,103
[2025-12-04 11:57:19] Performing Preference /instance/org.eclipse.pde.ui/editor.color.header_key_bold = true
[2025-12-04 11:57:19] Performing Preference /instance/org.eclipse.pde.ui/editor.color.header_osgi = 38,139,210
[2025-12-04 11:57:19] Performing Preference /instance/org.eclipse.pde.ui/editor.color.header_value = 23,198,163
[2025-12-04 11:57:19] Performing Preference /instance/org.eclipse.pde.ui/editor.color.header_value_italic = true
[2025-12-04 11:57:19] Performing Preference /instance/org.eclipse.pde.ui/editor.color.instr = 221,40,103
[2025-12-04 11:57:19] Performing Preference /instance/org.eclipse.pde.ui/editor.color.instr_bold = true
[2025-12-04 11:57:19] Performing Preference /instance/org.eclipse.pde.ui/editor.color.string = 23,198,163
[2025-12-04 11:57:19] Performing Preference /instance/org.eclipse.pde.ui/editor.color.string_italic = true
[2025-12-04 11:57:19] Performing Preference /instance/org.eclipse.pde.ui/editor.color.tag = 38,139,210
[2025-12-04 11:57:19] Performing Preference /instance/org.eclipse.pde.ui/editor.color.tag_bold = true
[2025-12-04 11:57:19] Performing Preference /instance/org.eclipse.pde.ui/editor.color.xml_comment = 98,98,98
[2025-12-04 11:57:19] Performing Preference /instance/org.eclipse.pde.ui/overriddenByCSS = ,editor.color.default,editor.color.externalized_string,editor.color.externalized_string_italic,editor.color.header_assignment,editor.color.header_assignment_bold,editor.color.header_attributes,editor.color.header_key,editor.color.header_key_bold,editor.color.header_osgi,editor.color.header_value,editor.color.header_value_italic,editor.color.instr,editor.color.instr_bold,editor.color.string,editor.color.string_italic,editor.color.tag,editor.color.tag_bold,editor.color.xml_comment,
[2025-12-04 11:57:19] Performing Preference /instance/org.eclipse.ui.editors/AbstractTextEditor.Color.Background = 47,47,47
[2025-12-04 11:57:20] Performing Preference /instance/org.eclipse.ui.editors/AbstractTextEditor.Color.FindScope = 30,120,155
[2025-12-04 11:57:20] Performing Preference /instance/org.eclipse.ui.editors/AbstractTextEditor.Color.Foreground = 204,204,204
[2025-12-04 11:57:20] Performing Preference /instance/org.eclipse.ui.editors/AbstractTextEditor.Color.Foreground.SystemDefault = false
[2025-12-04 11:57:20] Performing Preference /instance/org.eclipse.ui.editors/AbstractTextEditor.Color.SelectionBackground = 33,66,131
[2025-12-04 11:57:20] Performing Preference /instance/org.eclipse.ui.editors/AbstractTextEditor.Color.SelectionBackground.SystemDefault = false
[2025-12-04 11:57:20] Performing Preference /instance/org.eclipse.ui.editors/AbstractTextEditor.Color.SelectionForeground = 147,161,161
[2025-12-04 11:57:20] Performing Preference /instance/org.eclipse.ui.editors/AbstractTextEditor.Color.SelectionForeground.SystemDefault = false
[2025-12-04 11:57:20] Performing Preference /instance/org.eclipse.ui.editors/asOccurencesIndicationColor = 72,72,72
[2025-12-04 11:57:20] Performing Preference /instance/org.eclipse.ui.editors/breakpointIndicationColor = 51,119,193
[2025-12-04 11:57:20] Performing Preference /instance/org.eclipse.ui.editors/currentIPColor = 90,90,90
[2025-12-04 11:57:20] Performing Preference /instance/org.eclipse.ui.editors/currentLineColor = 55,55,55
[2025-12-04 11:57:20] Performing Preference /instance/org.eclipse.ui.editors/deletionIndicationColor = 224,226,228
[2025-12-04 11:57:20] Performing Preference /instance/org.eclipse.ui.editors/filteredSearchResultIndicationColor = 27,98,145
[2025-12-04 11:57:20] Performing Preference /instance/org.eclipse.ui.editors/fullcoverage_color = 6,74,6
[2025-12-04 11:57:20] Performing Preference /instance/org.eclipse.ui.editors/hyperlinkColor = 102,175,249
[2025-12-04 11:57:20] Performing Preference /instance/org.eclipse.ui.editors/hyperlinkColor.SystemDefault = false
[2025-12-04 11:57:20] Performing Preference /instance/org.eclipse.ui.editors/infoIndicationColor = 86,194,170
[2025-12-04 11:57:20] Performing Preference /instance/org.eclipse.ui.editors/lineNumberColor = 119,145,154
[2025-12-04 11:57:20] Performing Preference /instance/org.eclipse.ui.editors/linked.slave.color = 66,156,255
[2025-12-04 11:57:20] Performing Preference /instance/org.eclipse.ui.editors/LSP4EReadOccurrenceIndicationColor = 27,98,145
[2025-12-04 11:57:20] Performing Preference /instance/org.eclipse.ui.editors/LSP4ETextOccurrenceIndicationColor = 27,98,145
[2025-12-04 11:57:20] Performing Preference /instance/org.eclipse.ui.editors/LSP4EWriteOccurrenceIndicationColor = 27,98,145
[2025-12-04 11:57:20] Performing Preference /instance/org.eclipse.ui.editors/matchingTagIndicationColor = 72,72,72
[2025-12-04 11:57:20] Performing Preference /instance/org.eclipse.ui.editors/nocoverage_color = 98,5,5
[2025-12-04 11:57:20] Performing Preference /instance/org.eclipse.ui.editors/occurrenceIndicationColor = 27,98,145
[2025-12-04 11:57:20] Performing Preference /instance/org.eclipse.ui.editors/overriddenByCSS = ,fullcoverage_color,partialcoverage_color,nocoverage_color,TextOccurrenceIndicationColor,LSP4EReadOccurrenceIndicationColor,LSP4EWriteOccurrenceIndicationColor,LSP4ETextOccurrenceIndicationColor,TM4EMatchingPairColor,AbstractTextEditor.Color.Background.SystemDefault,AbstractTextEditor.Color.SelectionForeground.SystemDefault,AbstractTextEditor.Color.SelectionBackground.SystemDefault,AbstractTextEditor.Color.Background,AbstractTextEditor.Color.Foreground.SystemDefault,AbstractTextEditor.Color.SelectionBackground,AbstractTextEditor.Color.SelectionForeground,AbstractTextEditor.Color.Foreground,AbstractTextEditor.Color.FindScope,asOccurencesIndicationColor,breakpointIndicationColor,currentIPColor,currentLineColor,deletionIndicationColor,filteredSearchResultIndicationColor,hyperlinkColor,hyperlinkColor.SystemDefault,infoIndicationColor,lineNumberColor,linked.slave.color,matchingTagIndicationColor,occurrenceIndicationColor,overrideIndicatorColor,printMarginColor,searchResultHighlighting,searchResultIndication,searchResultIndicationColor,searchResultTextStyle,secondaryIPColor,spellingIndicationColor,writeOccurrenceIndicationColor,
[2025-12-04 11:57:20] Performing Preference /instance/org.eclipse.ui.editors/overrideIndicatorColor = 78,120,117
[2025-12-04 11:57:20] Performing Preference /instance/org.eclipse.ui.editors/partialcoverage_color = 98,98,0
[2025-12-04 11:57:20] Performing Preference /instance/org.eclipse.ui.editors/printMarginColor = 81,86,88
[2025-12-04 11:57:20] Performing Preference /instance/org.eclipse.ui.editors/searchResultHighlighting = false
[2025-12-04 11:57:20] Performing Preference /instance/org.eclipse.ui.editors/searchResultIndication = true
[2025-12-04 11:57:20] Performing Preference /instance/org.eclipse.ui.editors/searchResultIndicationColor = 94,94,94
[2025-12-04 11:57:20] Performing Preference /instance/org.eclipse.ui.editors/searchResultTextStyle = BOX
[2025-12-04 11:57:20] Performing Preference /instance/org.eclipse.ui.editors/secondaryIPColor = 90,90,90
[2025-12-04 11:57:20] Performing Preference /instance/org.eclipse.ui.editors/spellingIndicationColor = 253,170,211
[2025-12-04 11:57:20] Performing Preference /instance/org.eclipse.ui.editors/TextOccurrenceIndicationColor = 27, 98, 145
[2025-12-04 11:57:20] Performing Preference /instance/org.eclipse.ui.editors/TM4EMatchingPairColor = 27,98,145
[2025-12-04 11:57:20] Performing Preference /instance/org.eclipse.ui.editors/writeOccurrenceIndicationColor = 27,98,145
[2025-12-04 11:57:20] Performing Preference /instance/org.eclipse.ui.genericeditor/matchingBracketsColor = 249,250,244
[2025-12-04 11:57:20] Performing Preference /instance/org.eclipse.ui.genericeditor/overriddenByCSS = ,matchingBracketsColor,
[2025-12-04 11:57:20] Performing Preference /instance/org.eclipse.ui.workbench/ACTIVE_HYPERLINK_COLOR = 138,201,242
[2025-12-04 11:57:20] Performing Preference /instance/org.eclipse.ui.workbench/CONFLICTING_COLOR = 240,15,66
[2025-12-04 11:57:20] Performing Preference /instance/org.eclipse.ui.workbench/CONTENT_ASSIST_BACKGROUND_COLOR = 52,57,61
[2025-12-04 11:57:20] Performing Preference /instance/org.eclipse.ui.workbench/CONTENT_ASSIST_FOREGROUND_COLOR = 238,238,238
[2025-12-04 11:57:20] Performing Preference /instance/org.eclipse.ui.workbench/EDITION_COLOR = 238,238,238
[2025-12-04 11:57:20] Performing Preference /instance/org.eclipse.ui.workbench/ERROR_COLOR = 247,68,117
[2025-12-04 11:57:20] Performing Preference /instance/org.eclipse.ui.workbench/HYPERLINK_COLOR = 111,197,238
[2025-12-04 11:57:20] Performing Preference /instance/org.eclipse.ui.workbench/INCOMING_COLOR = 31,179,235
[2025-12-04 11:57:20] Performing Preference /instance/org.eclipse.ui.workbench/org.eclipse.egit.ui.CommitMessageCommentColor = 128,128,128
[2025-12-04 11:57:20] Performing Preference /instance/org.eclipse.ui.workbench/org.eclipse.egit.ui.DiffAddBackgroundColor = 11,121,90
[2025-12-04 11:57:20] Performing Preference /instance/org.eclipse.ui.workbench/org.eclipse.egit.ui.DiffAddForegroundColor = 216,254,245
[2025-12-04 11:57:20] Performing Preference /instance/org.eclipse.ui.workbench/org.eclipse.egit.ui.DiffHeadlineBackgroundColor = 71,71,71
[2025-12-04 11:57:20] Performing Preference /instance/org.eclipse.ui.workbench/org.eclipse.egit.ui.DiffHeadlineForegroundColor = 242,242,242
[2025-12-04 11:57:20] Performing Preference /instance/org.eclipse.ui.workbench/org.eclipse.egit.ui.DiffHunkBackgroundColor = 53,97,113
[2025-12-04 11:57:20] Performing Preference /instance/org.eclipse.ui.workbench/org.eclipse.egit.ui.DiffHunkForegroundColor = 233,242,254
[2025-12-04 11:57:20] Performing Preference /instance/org.eclipse.ui.workbench/org.eclipse.egit.ui.DiffRemoveBackgroundColor = 117,2,36
[2025-12-04 11:57:20] Performing Preference /instance/org.eclipse.ui.workbench/org.eclipse.egit.ui.DiffRemoveForegroundColor = 255,232,237
[2025-12-04 11:57:20] Performing Preference /instance/org.eclipse.ui.workbench/org.eclipse.egit.ui.IgnoredResourceBackgroundColor = 47,47,47
[2025-12-04 11:57:20] Performing Preference /instance/org.eclipse.ui.workbench/org.eclipse.egit.ui.IgnoredResourceForegroundColor = 120,120,120
[2025-12-04 11:57:20] Performing Preference /instance/org.eclipse.ui.workbench/org.eclipse.egit.ui.UncommittedChangeBackgroundColor = 47,47,47
[2025-12-04 11:57:20] Performing Preference /instance/org.eclipse.ui.workbench/org.eclipse.egit.ui.UncommittedChangeForegroundColor = 114,157,186
[2025-12-04 11:57:20] Performing Preference /instance/org.eclipse.ui.workbench/org.eclipse.jdt.ui.ColoredLabels.inherited = 143,143,191
[2025-12-04 11:57:20] Performing Preference /instance/org.eclipse.ui.workbench/org.eclipse.jdt.ui.ColoredLabels.writeaccess_highlight = 255,128,128
[2025-12-04 11:57:20] Performing Preference /instance/org.eclipse.ui.workbench/org.eclipse.jdt.ui.Javadoc.backgroundColor = 52,57,61
[2025-12-04 11:57:20] Performing Preference /instance/org.eclipse.ui.workbench/org.eclipse.jdt.ui.Javadoc.foregroundColor = 238,238,238
[2025-12-04 11:57:20] Performing Preference /instance/org.eclipse.ui.workbench/org.eclipse.jface.REVISION_NEWEST_COLOR = 75,44,3
[2025-12-04 11:57:20] Performing Preference /instance/org.eclipse.ui.workbench/org.eclipse.jface.REVISION_OLDEST_COLOR = 154,113,61
[2025-12-04 11:57:20] Performing Preference /instance/org.eclipse.ui.workbench/org.eclipse.pde.genericeditor.extension.editor.color.attribute = 196,138,114
[2025-12-04 11:57:20] Performing Preference /instance/org.eclipse.ui.workbench/org.eclipse.pde.genericeditor.extension.editor.color.comment = 96,139,78
[2025-12-04 11:57:20] Performing Preference /instance/org.eclipse.ui.workbench/org.eclipse.pde.genericeditor.extension.editor.color.header = 128,128,128
[2025-12-04 11:57:20] Performing Preference /instance/org.eclipse.ui.workbench/org.eclipse.pde.genericeditor.extension.editor.color.quote = 118,200,244
[2025-12-04 11:57:20] Performing Preference /instance/org.eclipse.ui.workbench/org.eclipse.pde.genericeditor.extension.editor.color.tag = 86,156,214
[2025-12-04 11:57:20] Performing Preference /instance/org.eclipse.ui.workbench/org.eclipse.pde.genericeditor.extension.editor.color.text = 212,212,212
[2025-12-04 11:57:20] Performing Preference /instance/org.eclipse.ui.workbench/org.eclipse.search.ui.match.highlight = 206,92,0
[2025-12-04 11:57:20] Performing Preference /instance/org.eclipse.ui.workbench/org.eclipse.ui.editors.rangeIndicatorColor = 27,118,153
[2025-12-04 11:57:20] Performing Preference /instance/org.eclipse.ui.workbench/org.eclipse.ui.workbench.ACTIVE_NOFOCUS_TAB_SELECTED_TEXT_COLOR = 204,204,204
[2025-12-04 11:57:20] Performing Preference /instance/org.eclipse.ui.workbench/org.eclipse.ui.workbench.ACTIVE_TAB_INNER_KEYLINE_COLOR = 75,76,79
[2025-12-04 11:57:20] Performing Preference /instance/org.eclipse.ui.workbench/org.eclipse.ui.workbench.ACTIVE_TAB_OUTER_KEYLINE_COLOR = 75,76,79
[2025-12-04 11:57:20] Performing Preference /instance/org.eclipse.ui.workbench/org.eclipse.ui.workbench.ACTIVE_TAB_OUTLINE_COLOR = 75,76,79
[2025-12-04 11:57:20] Performing Preference /instance/org.eclipse.ui.workbench/org.eclipse.ui.workbench.ACTIVE_TAB_SELECTED_TEXT_COLOR = 247,248,248
[2025-12-04 11:57:20] Performing Preference /instance/org.eclipse.ui.workbench/org.eclipse.ui.workbench.ACTIVE_TAB_UNSELECTED_TEXT_COLOR = 221,221,221
[2025-12-04 11:57:20] Performing Preference /instance/org.eclipse.ui.workbench/org.eclipse.ui.workbench.ACTIVE_UNSELECTED_TABS_COLOR_END = 64,64,67
[2025-12-04 11:57:20] Performing Preference /instance/org.eclipse.ui.workbench/org.eclipse.ui.workbench.ACTIVE_UNSELECTED_TABS_COLOR_START = 73,74,77
[2025-12-04 11:57:20] Performing Preference /instance/org.eclipse.ui.workbench/org.eclipse.ui.workbench.DARK_BACKGROUND = 81,86,88
[2025-12-04 11:57:20] Performing Preference /instance/org.eclipse.ui.workbench/org.eclipse.ui.workbench.DARK_FOREGROUND = 238,238,238
[2025-12-04 11:57:20] Performing Preference /instance/org.eclipse.ui.workbench/org.eclipse.ui.workbench.HOVER_BACKGROUND = 52,57,61
[2025-12-04 11:57:20] Performing Preference /instance/org.eclipse.ui.workbench/org.eclipse.ui.workbench.HOVER_FOREGROUND = 238,238,238
[2025-12-04 11:57:20] Performing Preference /instance/org.eclipse.ui.workbench/org.eclipse.ui.workbench.INACTIVE_TAB_INNER_KEYLINE_COLOR = 81,86,88
[2025-12-04 11:57:20] Performing Preference /instance/org.eclipse.ui.workbench/org.eclipse.ui.workbench.INACTIVE_TAB_OUTER_KEYLINE_COLOR = 81,86,88
[2025-12-04 11:57:20] Performing Preference /instance/org.eclipse.ui.workbench/org.eclipse.ui.workbench.INACTIVE_TAB_OUTLINE_COLOR = 59,64,66
[2025-12-04 11:57:20] Performing Preference /instance/org.eclipse.ui.workbench/org.eclipse.ui.workbench.INACTIVE_TAB_SELECTED_TEXT_COLOR = 255,255,255
[2025-12-04 11:57:20] Performing Preference /instance/org.eclipse.ui.workbench/org.eclipse.ui.workbench.INACTIVE_TAB_UNSELECTED_TEXT_COLOR = 187,187,187
[2025-12-04 11:57:20] Performing Preference /instance/org.eclipse.ui.workbench/org.eclipse.ui.workbench.INACTIVE_UNSELECTED_TABS_COLOR_END = 70,70,73
[2025-12-04 11:57:20] Performing Preference /instance/org.eclipse.ui.workbench/org.eclipse.ui.workbench.INACTIVE_UNSELECTED_TABS_COLOR_START = 81,86,88
[2025-12-04 11:57:20] Performing Preference /instance/org.eclipse.ui.workbench/org.eclipse.ui.workbench.INFORMATION_BACKGROUND = 81,86,88
[2025-12-04 11:57:20] Performing Preference /instance/org.eclipse.ui.workbench/org.eclipse.ui.workbench.INFORMATION_FOREGROUND = 238,238,238
[2025-12-04 11:57:20] Performing Preference /instance/org.eclipse.ui.workbench/org.eclipse.ui.workbench.LINK_COLOR = 111,197,238
[2025-12-04 11:57:20] Performing Preference /instance/org.eclipse.ui.workbench/OUTGOING_COLOR = 238,238,238
[2025-12-04 11:57:20] Performing Preference /instance/org.eclipse.ui.workbench/overriddenByCSS = ,org.eclipse.jdt.ui.ColoredLabels.inherited,org.eclipse.jdt.ui.Javadoc.backgroundColor,org.eclipse.jdt.ui.Javadoc.foregroundColor,org.eclipse.jdt.ui.ColoredLabels.writeaccess_highlight,org.eclipse.egit.ui.CommitMessageCommentColor,org.eclipse.egit.ui.DiffAddBackgroundColor,org.eclipse.egit.ui.DiffAddForegroundColor,org.eclipse.egit.ui.DiffHeadlineBackgroundColor,org.eclipse.egit.ui.DiffHeadlineForegroundColor,org.eclipse.egit.ui.DiffHunkBackgroundColor,org.eclipse.egit.ui.DiffHunkForegroundColor,org.eclipse.egit.ui.DiffRemoveBackgroundColor,org.eclipse.egit.ui.DiffRemoveForegroundColor,org.eclipse.egit.ui.IgnoredResourceBackgroundColor,org.eclipse.egit.ui.IgnoredResourceForegroundColor,org.eclipse.egit.ui.UncommittedChangeBackgroundColor,org.eclipse.egit.ui.UncommittedChangeForegroundColor,org.eclipse.pde.genericeditor.extension.editor.color.tag,org.eclipse.pde.genericeditor.extension.editor.color.attribute,org.eclipse.pde.genericeditor.extension.editor.color.text,org.eclipse.pde.genericeditor.extension.editor.color.header,org.eclipse.pde.genericeditor.extension.editor.color.comment,org.eclipse.pde.genericeditor.extension.editor.color.quote,ACTIVE_HYPERLINK_COLOR,CONFLICTING_COLOR,CONTENT_ASSIST_BACKGROUND_COLOR,CONTENT_ASSIST_FOREGROUND_COLOR,org.eclipse.ui.workbench.INFORMATION_BACKGROUND,org.eclipse.ui.workbench.INFORMATION_FOREGROUND,org.eclipse.ui.workbench.HOVER_BACKGROUND,org.eclipse.ui.workbench.HOVER_FOREGROUND,ERROR_COLOR,HYPERLINK_COLOR,INCOMING_COLOR,OUTGOING_COLOR,RESOLVED_COLOR,EDITION_COLOR,org.eclipse.search.ui.match.highlight,org.eclipse.ui.editors.rangeIndicatorColor,org.eclipse.jface.REVISION_NEWEST_COLOR,org.eclipse.jface.REVISION_OLDEST_COLOR,
[2025-12-04 11:57:20] Performing Preference /instance/org.eclipse.ui.workbench/RESOLVED_COLOR = 108,210,17
[2025-12-04 11:57:20] Performing Preference /instance/org.eclipse.wst.css.ui/ATMARK_RULE = #A7EC21 | null | null | null | null | null
[2025-12-04 11:57:20] Performing Preference /instance/org.eclipse.wst.css.ui/ATTRIBUTE_DELIM = #f7c517 | null | false | false | false | false
[2025-12-04 11:57:20] Performing Preference /instance/org.eclipse.wst.css.ui/ATTRIBUTE_NAME = #f7c517 | null | false | false | false | false
[2025-12-04 11:57:20] Performing Preference /instance/org.eclipse.wst.css.ui/ATTRIBUTE_OPERATOR = #f7c517 | null | false | false | false | false
[2025-12-04 11:57:20] Performing Preference /instance/org.eclipse.wst.css.ui/ATTRIBUTE_VALUE = #ff8080 | null | false | false | false | false
[2025-12-04 11:57:20] Performing Preference /instance/org.eclipse.wst.css.ui/CLASS = #12e046 | null | false | false | false | false
[2025-12-04 11:57:20] Performing Preference /instance/org.eclipse.wst.css.ui/COLON = #3198ff | null | false | false | false | false
[2025-12-04 11:57:20] Performing Preference /instance/org.eclipse.wst.css.ui/COMBINATOR = #A7EC21 | null | null | null | null | null
[2025-12-04 11:57:20] Performing Preference /instance/org.eclipse.wst.css.ui/COMMENT = #626262 | null | null | null | null | null
[2025-12-04 11:57:20] Performing Preference /instance/org.eclipse.wst.css.ui/CURLY_BRACE = #F9FAF4 | null | null | null | null | null
[2025-12-04 11:57:20] Performing Preference /instance/org.eclipse.wst.css.ui/ID = #A7EC21 | null | null | null | null | null
[2025-12-04 11:57:20] Performing Preference /instance/org.eclipse.wst.css.ui/MEDIA = #DD2867 | null | null | null | null | null
[2025-12-04 11:57:20] Performing Preference /instance/org.eclipse.wst.css.ui/NORMAL = #D9E8F7 | null | null | null | null | null
[2025-12-04 11:57:20] Performing Preference /instance/org.eclipse.wst.css.ui/overriddenByCSS = ,ATMARK_RULE,ATTRIBUTE_DELIM,ATTRIBUTE_NAME,ATTRIBUTE_OPERATOR,ATTRIBUTE_VALUE,CLASS,COLON,COMBINATOR,COMMENT,CURLY_BRACE,ID,MEDIA,NORMAL,PROPERTY_NAME,PROPERTY_VALUE,PSEUDO,SELECTOR,SEMI_COLON,STRING,UNIVERSAL,URI,
[2025-12-04 11:57:20] Performing Preference /instance/org.eclipse.wst.css.ui/PROPERTY_NAME = #0699f0 | null | false | false | false | false
[2025-12-04 11:57:20] Performing Preference /instance/org.eclipse.wst.css.ui/PROPERTY_VALUE = #17C6A3 | null | null | true | null | null
[2025-12-04 11:57:20] Performing Preference /instance/org.eclipse.wst.css.ui/PSEUDO = #fb518c | null | false | false | false | false
[2025-12-04 11:57:21] Performing Preference /instance/org.eclipse.wst.css.ui/SELECTOR = #65f228 | null | false | false | false | false
[2025-12-04 11:57:21] Performing Preference /instance/org.eclipse.wst.css.ui/SEMI_COLON = #D9E8F7 | null | null | null | null | null
[2025-12-04 11:57:21] Performing Preference /instance/org.eclipse.wst.css.ui/STRING = #17C6A3 | null | null | true | null | null
[2025-12-04 11:57:21] Performing Preference /instance/org.eclipse.wst.css.ui/UNIVERSAL = #A7EC21 | null | null | null | null | null
[2025-12-04 11:57:21] Performing Preference /instance/org.eclipse.wst.css.ui/URI = #17C6A3 | null | null | true | null | null
[2025-12-04 11:57:21] Performing Preference /instance/org.eclipse.wst.html.ui/commentBorder = #626262 | null | false | false | false | false
[2025-12-04 11:57:21] Performing Preference /instance/org.eclipse.wst.html.ui/commentText = #626262 | null | false | false | false | false
[2025-12-04 11:57:21] Performing Preference /instance/org.eclipse.wst.html.ui/declBoder = #A7EC21 | null | false | false | false | false
[2025-12-04 11:57:21] Performing Preference /instance/org.eclipse.wst.html.ui/doctypeExternalId = #cf96eb | null | false | false | false | false
[2025-12-04 11:57:21] Performing Preference /instance/org.eclipse.wst.html.ui/doctypeExternalPubref = #f0a253 | null | false | false | false | false
[2025-12-04 11:57:21] Performing Preference /instance/org.eclipse.wst.html.ui/doctypeExtrenalSysref = #fbd153 | null | false | false | false | false
[2025-12-04 11:57:21] Performing Preference /instance/org.eclipse.wst.html.ui/doctypeName = #fea88f | null | false | false | false | false
[2025-12-04 11:57:21] Performing Preference /instance/org.eclipse.wst.html.ui/entityReference = #DD2867 | null | false | false | false | false
[2025-12-04 11:57:21] Performing Preference /instance/org.eclipse.wst.html.ui/overriddenByCSS = ,commentBorder,commentText,declBoder,doctypeExternalId,doctypeExternalPubref,doctypeExtrenalSysref,doctypeName,entityReference,tagAttributeEquals,tagAttributeName,tagAttributeValue,tagBorder,tagName,xmlContent,
[2025-12-04 11:57:21] Performing Preference /instance/org.eclipse.wst.html.ui/tagAttributeEquals = #52ca11 | null | false | false | false | false
[2025-12-04 11:57:21] Performing Preference /instance/org.eclipse.wst.html.ui/tagAttributeName = #a7ec21 | null | false | false | false | false
[2025-12-04 11:57:21] Performing Preference /instance/org.eclipse.wst.html.ui/tagAttributeValue = #17c694 | null | false | true | false | false
[2025-12-04 11:57:21] Performing Preference /instance/org.eclipse.wst.html.ui/tagBorder = #808080 | null | false | false | false | false
[2025-12-04 11:57:21] Performing Preference /instance/org.eclipse.wst.html.ui/tagName = #03a8d8 | null | true | false | false | false
[2025-12-04 11:57:21] Performing Preference /instance/org.eclipse.wst.html.ui/xmlContent = #D9E8F7 | null | false | false | false | false
[2025-12-04 11:57:21] Performing Preference /instance/org.eclipse.wst.jsdt.ui/content_assist_completion_replacement_background = 200,200,0
[2025-12-04 11:57:21] Performing Preference /instance/org.eclipse.wst.jsdt.ui/content_assist_completion_replacement_foreground = 200,0,0
[2025-12-04 11:57:21] Performing Preference /instance/org.eclipse.wst.jsdt.ui/content_assist_parameters_background = 52,57,61
[2025-12-04 11:57:21] Performing Preference /instance/org.eclipse.wst.jsdt.ui/content_assist_parameters_foreground = 238,238,238
[2025-12-04 11:57:21] Performing Preference /instance/org.eclipse.wst.jsdt.ui/content_assist_proposals_background = 52,57,61
[2025-12-04 11:57:21] Performing Preference /instance/org.eclipse.wst.jsdt.ui/content_assist_proposals_foreground = 238,238,238
[2025-12-04 11:57:21] Performing Preference /instance/org.eclipse.wst.jsdt.ui/java_bracket = 249,250,244
[2025-12-04 11:57:21] Performing Preference /instance/org.eclipse.wst.jsdt.ui/java_comment_task_tag = 154,140,124
[2025-12-04 11:57:21] Performing Preference /instance/org.eclipse.wst.jsdt.ui/java_default = 217,232,247
[2025-12-04 11:57:21] Performing Preference /instance/org.eclipse.wst.jsdt.ui/java_doc_default = 96,139,78
[2025-12-04 11:57:21] Performing Preference /instance/org.eclipse.wst.jsdt.ui/java_doc_keyword = 65,94,53
[2025-12-04 11:57:21] Performing Preference /instance/org.eclipse.wst.jsdt.ui/java_doc_link = 65,94,53
[2025-12-04 11:57:21] Performing Preference /instance/org.eclipse.wst.jsdt.ui/java_doc_tag = 30,120,155
[2025-12-04 11:57:21] Performing Preference /instance/org.eclipse.wst.jsdt.ui/java_keyword = 86,156,214
[2025-12-04 11:57:21] Performing Preference /instance/org.eclipse.wst.jsdt.ui/java_keyword_return = 86,156,214
[2025-12-04 11:57:21] Performing Preference /instance/org.eclipse.wst.jsdt.ui/java_multi_line_comment = 96,139,78
[2025-12-04 11:57:21] Performing Preference /instance/org.eclipse.wst.jsdt.ui/java_operator = 230,230,250
[2025-12-04 11:57:21] Performing Preference /instance/org.eclipse.wst.jsdt.ui/java_single_line_comment = 96,139,78
[2025-12-04 11:57:21] Performing Preference /instance/org.eclipse.wst.jsdt.ui/java_string = 206,145,120
[2025-12-04 11:57:21] Performing Preference /instance/org.eclipse.wst.jsdt.ui/javaScriptOccurrenceIndicationColor = 18,79,120
[2025-12-04 11:57:21] Performing Preference /instance/org.eclipse.wst.jsdt.ui/overriddenByCSS = ,content_assist_completion_replacement_background,content_assist_completion_replacement_foreground,content_assist_parameters_background,content_assist_parameters_foreground,content_assist_proposals_background,content_assist_proposals_foreground,java_bracket,java_comment_task_tag,java_default,java_doc_default,java_doc_keyword,java_doc_link,java_doc_tag,java_keyword,java_keyword_return,java_multi_line_comment,java_operator,java_single_line_comment,java_string,semanticHighlighting.deprecatedMember.color,semanticHighlighting.localVariable.color,semanticHighlighting.localVariable.enabled,semanticHighlighting.localVariableDeclaration.color,semanticHighlighting.localVariableDeclaration.enabled,semanticHighlighting.parameterVariable.color,semanticHighlighting.parameterVariable.enabled,tagName,sourceHoverBackgroundColor,sourceHoverBackgroundColor.SystemDefault,javaScriptOccurrenceIndicationColor,
[2025-12-04 11:57:21] Performing Preference /instance/org.eclipse.wst.jsdt.ui/semanticHighlighting.deprecatedMember.color = 171,31,54
[2025-12-04 11:57:21] Performing Preference /instance/org.eclipse.wst.jsdt.ui/semanticHighlighting.localVariable.color = 255,191,38
[2025-12-04 11:57:21] Performing Preference /instance/org.eclipse.wst.jsdt.ui/semanticHighlighting.localVariable.enabled = true
[2025-12-04 11:57:21] Performing Preference /instance/org.eclipse.wst.jsdt.ui/semanticHighlighting.localVariableDeclaration.color = 237,127,72
[2025-12-04 11:57:21] Performing Preference /instance/org.eclipse.wst.jsdt.ui/semanticHighlighting.localVariableDeclaration.enabled = true
[2025-12-04 11:57:21] Performing Preference /instance/org.eclipse.wst.jsdt.ui/semanticHighlighting.parameterVariable.color = 121,171,255
[2025-12-04 11:57:21] Performing Preference /instance/org.eclipse.wst.jsdt.ui/semanticHighlighting.parameterVariable.enabled = true
[2025-12-04 11:57:21] Performing Preference /instance/org.eclipse.wst.jsdt.ui/sourceHoverBackgroundColor = 68,68,68
[2025-12-04 11:57:21] Performing Preference /instance/org.eclipse.wst.jsdt.ui/sourceHoverBackgroundColor.SystemDefault = false
[2025-12-04 11:57:21] Performing Preference /instance/org.eclipse.wst.jsdt.ui/tagName = 217,232,247
[2025-12-04 11:57:21] Performing Preference /instance/org.eclipse.wst.json.ui/COLON = #FFFFFF | null | false | false | false | false
[2025-12-04 11:57:21] Performing Preference /instance/org.eclipse.wst.json.ui/COMMA = #FFFFFF | null | false | false | false | false
[2025-12-04 11:57:21] Performing Preference /instance/org.eclipse.wst.json.ui/CURLY_BRACE = #FFFFFF | null | false | false | false | false
[2025-12-04 11:57:21] Performing Preference /instance/org.eclipse.wst.json.ui/OBJECT_KEY = #BED6FF | null | false | false | false | false
[2025-12-04 11:57:21] Performing Preference /instance/org.eclipse.wst.json.ui/overriddenByCSS = ,COLON,COMMA,CURLY_BRACE,OBJECT_KEY,VALUE_BOOLEAN,VALUE_NULL,VALUE_NUMBER,VALUE_STRING,
[2025-12-04 11:57:21] Performing Preference /instance/org.eclipse.wst.json.ui/VALUE_BOOLEAN = #03A8D8 | null | false | false | false | false
[2025-12-04 11:57:21] Performing Preference /instance/org.eclipse.wst.json.ui/VALUE_NULL = #969696 | null | false | false | false | false
[2025-12-04 11:57:21] Performing Preference /instance/org.eclipse.wst.json.ui/VALUE_NUMBER = #D25242 | null | false | false | false | false
[2025-12-04 11:57:21] Performing Preference /instance/org.eclipse.wst.json.ui/VALUE_STRING = #FFC600 | null | true | true | false | false
[2025-12-04 11:57:21] Performing Preference /instance/org.eclipse.wst.sse.ui/content_assist_completion_replacement_background = 200,200,0
[2025-12-04 11:57:21] Performing Preference /instance/org.eclipse.wst.sse.ui/content_assist_completion_replacement_foreground = 200,0,0
[2025-12-04 11:57:21] Performing Preference /instance/org.eclipse.wst.sse.ui/content_assist_parameters_background = 52,57,61
[2025-12-04 11:57:21] Performing Preference /instance/org.eclipse.wst.sse.ui/content_assist_parameters_foreground = 238,238,238
[2025-12-04 11:57:21] Performing Preference /instance/org.eclipse.wst.sse.ui/content_assist_proposals_background = 52,57,61
[2025-12-04 11:57:21] Performing Preference /instance/org.eclipse.wst.sse.ui/content_assist_proposals_foreground = 238,238,238
[2025-12-04 11:57:21] Performing Preference /instance/org.eclipse.wst.sse.ui/overriddenByCSS = ,content_assist_completion_replacement_background,content_assist_completion_replacement_foreground,content_assist_parameters_background,content_assist_parameters_foreground,content_assist_proposals_background,content_assist_proposals_foreground,
[2025-12-04 11:57:21] Performing Preference /instance/org.eclipse.wst.xml.ui/cdataBorder = #A7EC21 | null | false | false | false | false
[2025-12-04 11:57:21] Performing Preference /instance/org.eclipse.wst.xml.ui/cdataText = #93bde8 | null | false | false | false | false
[2025-12-04 11:57:21] Performing Preference /instance/org.eclipse.wst.xml.ui/commentBorder = #626262 | null | false | false | false | false
[2025-12-04 11:57:21] Performing Preference /instance/org.eclipse.wst.xml.ui/commentText = #626262 | null | false | false | false | false
[2025-12-04 11:57:21] Performing Preference /instance/org.eclipse.wst.xml.ui/declBorder = #A7EC21 | null | false | false | false | false
[2025-12-04 11:57:21] Performing Preference /instance/org.eclipse.wst.xml.ui/doctypeExternalId = #cf96eb | null | false | false | false | false
[2025-12-04 11:57:21] Performing Preference /instance/org.eclipse.wst.xml.ui/doctypeExternalPubref = #f0a253 | null | false | false | false | false
[2025-12-04 11:57:21] Performing Preference /instance/org.eclipse.wst.xml.ui/doctypeExtrenalSysref = #fbd153 | null | false | false | false | false
[2025-12-04 11:57:21] Performing Preference /instance/org.eclipse.wst.xml.ui/doctypeName = #A7EC21 | null | false | false | false | false
[2025-12-04 11:57:21] Performing Preference /instance/org.eclipse.wst.xml.ui/entityReference = #DD2867 | null | false | false | false | false
[2025-12-04 11:57:21] Performing Preference /instance/org.eclipse.wst.xml.ui/overriddenByCSS = ,cdataBorder,cdataText,commentBorder,commentText,declBorder,doctypeExternalId,doctypeExternalPubref,doctypeExtrenalSysref,doctypeName,entityReference,piBorder,piContent,tagAttributeEquals,tagAttributeName,tagAttributeValue,tagBorder,tagName,xmlContent,
[2025-12-04 11:57:21] Performing Preference /instance/org.eclipse.wst.xml.ui/piBorder = #0394be | null | false | false | false | false
[2025-12-04 11:57:21] Performing Preference /instance/org.eclipse.wst.xml.ui/piContent = #D9E8F7 | null | false | false | false | false
[2025-12-04 11:57:21] Performing Preference /instance/org.eclipse.wst.xml.ui/tagAttributeEquals = #52ca11 | null | false | false | false | false
[2025-12-04 11:57:21] Performing Preference /instance/org.eclipse.wst.xml.ui/tagAttributeName = #a7ec21 | null | false | false | false | false
[2025-12-04 11:57:21] Performing Preference /instance/org.eclipse.wst.xml.ui/tagAttributeValue = #17c694 | null | false | true | false | false
[2025-12-04 11:57:21] Performing Preference /instance/org.eclipse.wst.xml.ui/tagBorder = #808080 | null | false | false | false | false
[2025-12-04 11:57:21] Performing Preference /instance/org.eclipse.wst.xml.ui/tagName = #03a8d8 | null | true | false | false | false
[2025-12-04 11:57:21] Performing Preference /instance/org.eclipse.wst.xml.ui/xmlContent = #D9E8F7 | null | false | false | false | false
[2025-12-04 11:57:21] 
[2025-12-04 11:59:51] Executing startup tasks
[2025-12-04 11:59:51] OpenJDK Runtime Environment 17.0.2+8
[2025-12-04 11:59:51] Product self.product.version
[2025-12-04 11:59:51] Workspace /Users/riccardoromanello/Desktop/Hide-after-valuetools/Git Valuetools/runtime-EclipseApplication
[2025-12-04 11:59:51] Bundle org.eclipse.oomph.setup 1.25.0.v20220903-1123, build=5632, branch=e5d50810299859e75a8731a209e2f3442e7a94f5
[2025-12-04 11:59:51] Bundle org.eclipse.oomph.setup.core 1.25.0.v20220822-1127, build=5632, branch=e5d50810299859e75a8731a209e2f3442e7a94f5
[2025-12-04 11:59:51] Bundle org.eclipse.oomph.setup.p2 1.19.0.v20220607-1104, build=5632, branch=e5d50810299859e75a8731a209e2f3442e7a94f5
[2025-12-04 11:59:51] Performing Preference /instance/org.eclipse.debug.ui/org.eclipse.debug.ui.changedDebugElement = 255,128,128
[2025-12-04 11:59:51] Performing Preference /instance/org.eclipse.debug.ui/org.eclipse.debug.ui.consoleBackground = 53,53,53
[2025-12-04 11:59:51] Performing Preference /instance/org.eclipse.debug.ui/org.eclipse.debug.ui.errorColor = 225,30,70
[2025-12-04 11:59:51] Performing Preference /instance/org.eclipse.debug.ui/org.eclipse.debug.ui.inColor = 140,175,210
[2025-12-04 11:59:51] Performing Preference /instance/org.eclipse.debug.ui/org.eclipse.debug.ui.MemoryHistoryKnownColor = 235,235,235
[2025-12-04 11:59:51] Performing Preference /instance/org.eclipse.debug.ui/org.eclipse.debug.ui.MemoryHistoryUnknownColor = 170,175,185
[2025-12-04 11:59:51] Performing Preference /instance/org.eclipse.debug.ui/org.eclipse.debug.ui.outColor = 235,235,235
[2025-12-04 11:59:51] Performing Preference /instance/org.eclipse.debug.ui/org.eclipse.debug.ui.PREF_CHANGED_VALUE_BACKGROUND = 150,80,115
[2025-12-04 11:59:51] Performing Preference /instance/org.eclipse.debug.ui/overriddenByCSS = ,org.eclipse.debug.ui.MemoryHistoryKnownColor,org.eclipse.debug.ui.MemoryHistoryUnknownColor,org.eclipse.debug.ui.PREF_CHANGED_VALUE_BACKGROUND,org.eclipse.debug.ui.changedDebugElement,org.eclipse.debug.ui.consoleBackground,org.eclipse.debug.ui.errorColor,org.eclipse.debug.ui.inColor,org.eclipse.debug.ui.outColor,
[2025-12-04 11:59:51] Performing Preference /instance/org.eclipse.jdt.ui/content_assist_completion_replacement_background = 200,200,0
[2025-12-04 11:59:51] Performing Preference /instance/org.eclipse.jdt.ui/content_assist_completion_replacement_foreground = 200,0,0
[2025-12-04 11:59:51] Performing Preference /instance/org.eclipse.jdt.ui/content_assist_parameters_background = 52,57,61
[2025-12-04 11:59:51] Performing Preference /instance/org.eclipse.jdt.ui/content_assist_parameters_foreground = 238,238,238
[2025-12-04 11:59:51] Performing Preference /instance/org.eclipse.jdt.ui/java_bracket = 249,250,244
[2025-12-04 11:59:51] Performing Preference /instance/org.eclipse.jdt.ui/java_comment_task_tag = 154,140,124
[2025-12-04 11:59:51] Performing Preference /instance/org.eclipse.jdt.ui/java_default = 217,232,247
[2025-12-04 11:59:51] Performing Preference /instance/org.eclipse.jdt.ui/java_doc_default = 128,128,128
[2025-12-04 11:59:51] Performing Preference /instance/org.eclipse.jdt.ui/java_doc_keyword = 154,140,124
[2025-12-04 11:59:51] Performing Preference /instance/org.eclipse.jdt.ui/java_doc_link = 169,156,140
[2025-12-04 11:59:51] Performing Preference /instance/org.eclipse.jdt.ui/java_doc_tag = 30,120,155
[2025-12-04 11:59:51] Performing Preference /instance/org.eclipse.jdt.ui/java_keyword = 204,108,29
[2025-12-04 11:59:51] Performing Preference /instance/org.eclipse.jdt.ui/java_keyword_bold = false
[2025-12-04 11:59:51] Performing Preference /instance/org.eclipse.jdt.ui/java_keyword_return = 204,108,29
[2025-12-04 11:59:51] Performing Preference /instance/org.eclipse.jdt.ui/java_keyword_return_bold = false
[2025-12-04 11:59:51] Performing Preference /instance/org.eclipse.jdt.ui/java_multi_line_comment = 128,128,128
[2025-12-04 11:59:51] Performing Preference /instance/org.eclipse.jdt.ui/java_operator = 230,230,250
[2025-12-04 11:59:51] Performing Preference /instance/org.eclipse.jdt.ui/java_single_line_comment = 128,128,128
[2025-12-04 11:59:51] Performing Preference /instance/org.eclipse.jdt.ui/java_string = 23,198,163
[2025-12-04 11:59:51] Performing Preference /instance/org.eclipse.jdt.ui/matchingBracketsColor = 249,250,244
[2025-12-04 11:59:51] Performing Preference /instance/org.eclipse.jdt.ui/overriddenByCSS = ,content_assist_completion_replacement_background,content_assist_completion_replacement_foreground,content_assist_parameters_background,content_assist_parameters_foreground,content_assist_proposals_background,content_assist_proposals_foreground,java_bracket,java_comment_task_tag,java_default,java_doc_default,java_doc_keyword,java_doc_link,java_doc_tag,java_keyword,java_keyword_bold,java_keyword_return,java_keyword_return_bold,java_multi_line_comment,java_operator,java_single_line_comment,java_string,matchingBracketsColor,pf_coloring_argument,pf_coloring_assignment,pf_coloring_comment,pf_coloring_key,pf_coloring_value,semanticHighlighting.abstractClass.color,semanticHighlighting.abstractClass.enabled,semanticHighlighting.abstractMethodInvocation.color,semanticHighlighting.abstractMethodInvocation.enabled,semanticHighlighting.annotation.color,semanticHighlighting.annotation.enabled,semanticHighlighting.annotation.italic,semanticHighlighting.annotationElementReference.color,semanticHighlighting.annotationElementReference.enabled,semanticHighlighting.class.color,semanticHighlighting.class.enabled,semanticHighlighting.deprecatedMember.color,semanticHighlighting.deprecatedMember.enabled,semanticHighlighting.deprecatedMember.underline,semanticHighlighting.deprecatedMember.strikethrough,semanticHighlighting.enum.color,semanticHighlighting.enum.enabled,semanticHighlighting.enum.italic,semanticHighlighting.field.color,semanticHighlighting.field.enabled,semanticHighlighting.inheritedField.color,semanticHighlighting.inheritedMethodInvocation.color,semanticHighlighting.inheritedMethodInvocation.enabled,semanticHighlighting.interface.color,semanticHighlighting.interface.enabled,semanticHighlighting.localVariable.color,semanticHighlighting.localVariable.enabled,semanticHighlighting.localVariableDeclaration.color,semanticHighlighting.localVariableDeclaration.enabled,semanticHighlighting.localVariableDeclaration.bold,semanticHighlighting.method.color,semanticHighlighting.method.enabled,semanticHighlighting.methodDeclarationName.color,semanticHighlighting.methodDeclarationName.enabled,semanticHighlighting.methodDeclarationName.bold,semanticHighlighting.number.color,semanticHighlighting.number.enabled,semanticHighlighting.parameterVariable.color,semanticHighlighting.parameterVariable.enabled,semanticHighlighting.staticField.color,semanticHighlighting.staticField.enabled,semanticHighlighting.staticFinalField.color,semanticHighlighting.staticFinalField.enabled,semanticHighlighting.staticMethodInvocation.color,semanticHighlighting.staticMethodInvocation.enabled,semanticHighlighting.typeArgument.color,semanticHighlighting.typeArgument.enabled,semanticHighlighting.typeParameter.color,semanticHighlighting.typeParameter.enabled,semanticHighlighting.typeParameter.bold,semanticHighlighting.restrictedKeywords.color,semanticHighlighting.restrictedKeywords.bold,sourceHoverBackgroundColor,
[2025-12-04 11:59:51] Performing Preference /instance/org.eclipse.jdt.ui/pf_coloring_argument = 221,40,103
[2025-12-04 11:59:51] Performing Preference /instance/org.eclipse.jdt.ui/pf_coloring_assignment = 217,232,247
[2025-12-04 11:59:51] Performing Preference /instance/org.eclipse.jdt.ui/pf_coloring_comment = 128,128,128
[2025-12-04 11:59:51] Performing Preference /instance/org.eclipse.jdt.ui/pf_coloring_key = 217,232,247
[2025-12-04 11:59:51] Performing Preference /instance/org.eclipse.jdt.ui/pf_coloring_value = 23,198,163
[2025-12-04 11:59:51] Performing Preference /instance/org.eclipse.jdt.ui/semanticHighlighting.abstractClass.color = 62,171,230
[2025-12-04 11:59:51] Performing Preference /instance/org.eclipse.jdt.ui/semanticHighlighting.abstractClass.enabled = true
[2025-12-04 11:59:51] Performing Preference /instance/org.eclipse.jdt.ui/semanticHighlighting.abstractMethodInvocation.color = 128,246,167
[2025-12-04 11:59:51] Performing Preference /instance/org.eclipse.jdt.ui/semanticHighlighting.abstractMethodInvocation.enabled = true
[2025-12-04 11:59:51] Performing Preference /instance/org.eclipse.jdt.ui/semanticHighlighting.annotation.color = 160,160,160
[2025-12-04 11:59:51] Performing Preference /instance/org.eclipse.jdt.ui/semanticHighlighting.annotation.italic = true
[2025-12-04 11:59:51] Performing Preference /instance/org.eclipse.jdt.ui/semanticHighlighting.annotationElementReference.color = 235,75,100
[2025-12-04 11:59:51] Performing Preference /instance/org.eclipse.jdt.ui/semanticHighlighting.annotationElementReference.enabled = true
[2025-12-04 11:59:51] Performing Preference /instance/org.eclipse.jdt.ui/semanticHighlighting.class.color = 18,144,195
[2025-12-04 11:59:51] Performing Preference /instance/org.eclipse.jdt.ui/semanticHighlighting.class.enabled = true
[2025-12-04 11:59:51] Performing Preference /instance/org.eclipse.jdt.ui/semanticHighlighting.deprecatedMember.color = 128,128,128
[2025-12-04 11:59:51] Performing Preference /instance/org.eclipse.jdt.ui/semanticHighlighting.enum.color = 204,129,186
[2025-12-04 11:59:51] Performing Preference /instance/org.eclipse.jdt.ui/semanticHighlighting.enum.enabled = true
[2025-12-04 11:59:51] Performing Preference /instance/org.eclipse.jdt.ui/semanticHighlighting.enum.italic = true
[2025-12-04 11:59:51] Performing Preference /instance/org.eclipse.jdt.ui/semanticHighlighting.field.color = 102,225,248
[2025-12-04 11:59:51] Performing Preference /instance/org.eclipse.jdt.ui/semanticHighlighting.inheritedField.color = 143,143,191
[2025-12-04 11:59:51] Performing Preference /instance/org.eclipse.jdt.ui/semanticHighlighting.inheritedMethodInvocation.color = 205,246,104
[2025-12-04 11:59:51] Performing Preference /instance/org.eclipse.jdt.ui/semanticHighlighting.inheritedMethodInvocation.enabled = true
[2025-12-04 11:59:51] Performing Preference /instance/org.eclipse.jdt.ui/semanticHighlighting.interface.color = 128,242,246
[2025-12-04 11:59:51] Performing Preference /instance/org.eclipse.jdt.ui/semanticHighlighting.interface.enabled = true
[2025-12-04 11:59:51] Performing Preference /instance/org.eclipse.jdt.ui/semanticHighlighting.localVariable.color = 243,236,121
[2025-12-04 11:59:51] Performing Preference /instance/org.eclipse.jdt.ui/semanticHighlighting.localVariableDeclaration.bold = false
[2025-12-04 11:59:51] Performing Preference /instance/org.eclipse.jdt.ui/semanticHighlighting.localVariableDeclaration.color = 242,242,0
[2025-12-04 11:59:51] Performing Preference /instance/org.eclipse.jdt.ui/semanticHighlighting.localVariableDeclaration.enabled = true
[2025-12-04 11:59:51] Performing Preference /instance/org.eclipse.jdt.ui/semanticHighlighting.method.color = 167,236,33
[2025-12-04 11:59:51] Performing Preference /instance/org.eclipse.jdt.ui/semanticHighlighting.method.enabled = true
[2025-12-04 11:59:51] Performing Preference /instance/org.eclipse.jdt.ui/semanticHighlighting.methodDeclarationName.bold = false
[2025-12-04 11:59:51] Performing Preference /instance/org.eclipse.jdt.ui/semanticHighlighting.methodDeclarationName.color = 30,181,64
[2025-12-04 11:59:51] Performing Preference /instance/org.eclipse.jdt.ui/semanticHighlighting.methodDeclarationName.enabled = true
[2025-12-04 11:59:51] Performing Preference /instance/org.eclipse.jdt.ui/semanticHighlighting.number.color = 104,151,187
[2025-12-04 11:59:51] Performing Preference /instance/org.eclipse.jdt.ui/semanticHighlighting.number.enabled = true
[2025-12-04 11:59:51] Performing Preference /instance/org.eclipse.jdt.ui/semanticHighlighting.parameterVariable.color = 121,171,255
[2025-12-04 11:59:51] Performing Preference /instance/org.eclipse.jdt.ui/semanticHighlighting.parameterVariable.enabled = true
[2025-12-04 11:59:51] Performing Preference /instance/org.eclipse.jdt.ui/semanticHighlighting.restrictedKeywords.bold = false
[2025-12-04 11:59:51] Performing Preference /instance/org.eclipse.jdt.ui/semanticHighlighting.restrictedKeywords.color = 204,108,29
[2025-12-04 11:59:51] Performing Preference /instance/org.eclipse.jdt.ui/semanticHighlighting.staticField.color = 141,218,248
[2025-12-04 11:59:51] Performing Preference /instance/org.eclipse.jdt.ui/semanticHighlighting.staticFinalField.color = 141,218,248
[2025-12-04 11:59:51] Performing Preference /instance/org.eclipse.jdt.ui/semanticHighlighting.staticMethodInvocation.color = 150,236,63
[2025-12-04 11:59:51] Performing Preference /instance/org.eclipse.jdt.ui/semanticHighlighting.typeArgument.color = 177,102,218
[2025-12-04 11:59:51] Performing Preference /instance/org.eclipse.jdt.ui/semanticHighlighting.typeArgument.enabled = true
[2025-12-04 11:59:51] Performing Preference /instance/org.eclipse.jdt.ui/semanticHighlighting.typeParameter.bold = false
[2025-12-04 11:59:51] Performing Preference /instance/org.eclipse.jdt.ui/semanticHighlighting.typeParameter.color = 191,164,164
[2025-12-04 11:59:51] Performing Preference /instance/org.eclipse.jdt.ui/semanticHighlighting.typeParameter.enabled = true
[2025-12-04 11:59:51] Performing Preference /instance/org.eclipse.jdt.ui/sourceHoverBackgroundColor = 68,68,68
[2025-12-04 11:59:51] Performing Preference /instance/org.eclipse.ui.editors/AbstractTextEditor.Color.Background = 47,47,47
[2025-12-04 11:59:51] Performing Preference /instance/org.eclipse.ui.editors/AbstractTextEditor.Color.Background.SystemDefault = false
[2025-12-04 11:59:51] Performing Preference /instance/org.eclipse.ui.editors/AbstractTextEditor.Color.FindScope = 30,120,155
[2025-12-04 11:59:51] Performing Preference /instance/org.eclipse.ui.editors/AbstractTextEditor.Color.Foreground = 204,204,204
[2025-12-04 11:59:51] Performing Preference /instance/org.eclipse.ui.editors/AbstractTextEditor.Color.Foreground.SystemDefault = false
[2025-12-04 11:59:51] Performing Preference /instance/org.eclipse.ui.editors/AbstractTextEditor.Color.SelectionBackground = 33,66,131
[2025-12-04 11:59:52] Performing Preference /instance/org.eclipse.ui.editors/AbstractTextEditor.Color.SelectionBackground.SystemDefault = false
[2025-12-04 11:59:52] Performing Preference /instance/org.eclipse.ui.editors/AbstractTextEditor.Color.SelectionForeground = 147,161,161
[2025-12-04 11:59:52] Performing Preference /instance/org.eclipse.ui.editors/AbstractTextEditor.Color.SelectionForeground.SystemDefault = false
[2025-12-04 11:59:52] Performing Preference /instance/org.eclipse.ui.editors/asOccurencesIndicationColor = 72,72,72
[2025-12-04 11:59:52] Performing Preference /instance/org.eclipse.ui.editors/breakpointIndicationColor = 51,119,193
[2025-12-04 11:59:52] Performing Preference /instance/org.eclipse.ui.editors/currentIPColor = 90,90,90
[2025-12-04 11:59:52] Performing Preference /instance/org.eclipse.ui.editors/currentLineColor = 55,55,55
[2025-12-04 11:59:52] Performing Preference /instance/org.eclipse.ui.editors/deletionIndicationColor = 224,226,228
[2025-12-04 11:59:52] Performing Preference /instance/org.eclipse.ui.editors/filteredSearchResultIndicationColor = 27,98,145
[2025-12-04 11:59:52] Performing Preference /instance/org.eclipse.ui.editors/fullcoverage_color = 6,74,6
[2025-12-04 11:59:52] Performing Preference /instance/org.eclipse.ui.editors/hyperlinkColor = 102,175,249
[2025-12-04 11:59:52] Performing Preference /instance/org.eclipse.ui.editors/hyperlinkColor.SystemDefault = false
[2025-12-04 11:59:52] Performing Preference /instance/org.eclipse.ui.editors/infoIndicationColor = 86,194,170
[2025-12-04 11:59:52] Performing Preference /instance/org.eclipse.ui.editors/lineNumberColor = 119,145,154
[2025-12-04 11:59:52] Performing Preference /instance/org.eclipse.ui.editors/linked.slave.color = 66,156,255
[2025-12-04 11:59:52] Performing Preference /instance/org.eclipse.ui.editors/LSP4EReadOccurrenceIndicationColor = 27,98,145
[2025-12-04 11:59:52] Performing Preference /instance/org.eclipse.ui.editors/LSP4ETextOccurrenceIndicationColor = 27,98,145
[2025-12-04 11:59:52] Performing Preference /instance/org.eclipse.ui.editors/LSP4EWriteOccurrenceIndicationColor = 27,98,145
[2025-12-04 11:59:52] Performing Preference /instance/org.eclipse.ui.editors/matchingTagIndicationColor = 72,72,72
[2025-12-04 11:59:52] Performing Preference /instance/org.eclipse.ui.editors/nocoverage_color = 98,5,5
[2025-12-04 11:59:52] Performing Preference /instance/org.eclipse.ui.editors/occurrenceIndicationColor = 27,98,145
[2025-12-04 11:59:52] Performing Preference /instance/org.eclipse.ui.editors/overriddenByCSS = ,fullcoverage_color,partialcoverage_color,nocoverage_color,TextOccurrenceIndicationColor,LSP4EReadOccurrenceIndicationColor,LSP4EWriteOccurrenceIndicationColor,LSP4ETextOccurrenceIndicationColor,TM4EMatchingPairColor,AbstractTextEditor.Color.Background.SystemDefault,AbstractTextEditor.Color.SelectionForeground.SystemDefault,AbstractTextEditor.Color.SelectionBackground.SystemDefault,AbstractTextEditor.Color.Background,AbstractTextEditor.Color.Foreground.SystemDefault,AbstractTextEditor.Color.SelectionBackground,AbstractTextEditor.Color.SelectionForeground,AbstractTextEditor.Color.Foreground,AbstractTextEditor.Color.FindScope,asOccurencesIndicationColor,breakpointIndicationColor,currentIPColor,currentLineColor,deletionIndicationColor,filteredSearchResultIndicationColor,hyperlinkColor,hyperlinkColor.SystemDefault,infoIndicationColor,lineNumberColor,linked.slave.color,matchingTagIndicationColor,occurrenceIndicationColor,overrideIndicatorColor,printMarginColor,searchResultHighlighting,searchResultIndication,searchResultIndicationColor,searchResultTextStyle,secondaryIPColor,spellingIndicationColor,writeOccurrenceIndicationColor,
[2025-12-04 11:59:52] Performing Preference /instance/org.eclipse.ui.editors/overrideIndicatorColor = 78,120,117
[2025-12-04 11:59:52] Performing Preference /instance/org.eclipse.ui.editors/partialcoverage_color = 98,98,0
[2025-12-04 11:59:52] Performing Preference /instance/org.eclipse.ui.editors/printMarginColor = 81,86,88
[2025-12-04 11:59:52] Performing Preference /instance/org.eclipse.ui.editors/searchResultHighlighting = false
[2025-12-04 11:59:52] Performing Preference /instance/org.eclipse.ui.editors/searchResultIndication = true
[2025-12-04 11:59:52] Performing Preference /instance/org.eclipse.ui.editors/searchResultIndicationColor = 94,94,94
[2025-12-04 11:59:52] Performing Preference /instance/org.eclipse.ui.editors/searchResultTextStyle = BOX
[2025-12-04 11:59:52] Performing Preference /instance/org.eclipse.ui.editors/secondaryIPColor = 90,90,90
[2025-12-04 11:59:52] Performing Preference /instance/org.eclipse.ui.editors/spellingIndicationColor = 253,170,211
[2025-12-04 11:59:52] Performing Preference /instance/org.eclipse.ui.editors/TextOccurrenceIndicationColor = 27, 98, 145
[2025-12-04 11:59:52] Performing Preference /instance/org.eclipse.ui.editors/TM4EMatchingPairColor = 27,98,145
[2025-12-04 11:59:52] Performing Preference /instance/org.eclipse.ui.editors/writeOccurrenceIndicationColor = 27,98,145
[2025-12-04 11:59:52] Performing Preference /instance/org.eclipse.ui.genericeditor/matchingBracketsColor = 249,250,244
[2025-12-04 11:59:52] Performing Preference /instance/org.eclipse.ui.genericeditor/overriddenByCSS = ,matchingBracketsColor,
[2025-12-04 11:59:52] Performing Preference /instance/org.eclipse.ui.workbench/ACTIVE_HYPERLINK_COLOR = 138,201,242
[2025-12-04 11:59:52] Performing Preference /instance/org.eclipse.ui.workbench/CONFLICTING_COLOR = 240,15,66
[2025-12-04 11:59:52] Performing Preference /instance/org.eclipse.ui.workbench/CONTENT_ASSIST_BACKGROUND_COLOR = 52,57,61
[2025-12-04 11:59:52] Performing Preference /instance/org.eclipse.ui.workbench/CONTENT_ASSIST_FOREGROUND_COLOR = 238,238,238
[2025-12-04 11:59:52] Performing Preference /instance/org.eclipse.ui.workbench/EDITION_COLOR = 238,238,238
[2025-12-04 11:59:52] Performing Preference /instance/org.eclipse.ui.workbench/ERROR_COLOR = 247,68,117
[2025-12-04 11:59:52] Performing Preference /instance/org.eclipse.ui.workbench/HYPERLINK_COLOR = 111,197,238
[2025-12-04 11:59:52] Performing Preference /instance/org.eclipse.ui.workbench/INCOMING_COLOR = 31,179,235
[2025-12-04 11:59:52] Performing Preference /instance/org.eclipse.ui.workbench/org.eclipse.egit.ui.CommitMessageCommentColor = 128,128,128
[2025-12-04 11:59:52] Performing Preference /instance/org.eclipse.ui.workbench/org.eclipse.egit.ui.DiffAddBackgroundColor = 11,121,90
[2025-12-04 11:59:52] Performing Preference /instance/org.eclipse.ui.workbench/org.eclipse.egit.ui.DiffAddForegroundColor = 216,254,245
[2025-12-04 11:59:52] Performing Preference /instance/org.eclipse.ui.workbench/org.eclipse.egit.ui.DiffHeadlineBackgroundColor = 71,71,71
[2025-12-04 11:59:52] Performing Preference /instance/org.eclipse.ui.workbench/org.eclipse.egit.ui.DiffHeadlineForegroundColor = 242,242,242
[2025-12-04 11:59:52] Performing Preference /instance/org.eclipse.ui.workbench/org.eclipse.egit.ui.DiffHunkBackgroundColor = 53,97,113
[2025-12-04 11:59:52] Performing Preference /instance/org.eclipse.ui.workbench/org.eclipse.egit.ui.DiffHunkForegroundColor = 233,242,254
[2025-12-04 11:59:52] Performing Preference /instance/org.eclipse.ui.workbench/org.eclipse.egit.ui.DiffRemoveBackgroundColor = 117,2,36
[2025-12-04 11:59:52] Performing Preference /instance/org.eclipse.ui.workbench/org.eclipse.egit.ui.DiffRemoveForegroundColor = 255,232,237
[2025-12-04 11:59:52] Performing Preference /instance/org.eclipse.ui.workbench/org.eclipse.egit.ui.IgnoredResourceBackgroundColor = 47,47,47
[2025-12-04 11:59:52] Performing Preference /instance/org.eclipse.ui.workbench/org.eclipse.egit.ui.IgnoredResourceForegroundColor = 120,120,120
[2025-12-04 11:59:52] Performing Preference /instance/org.eclipse.ui.workbench/org.eclipse.egit.ui.UncommittedChangeBackgroundColor = 47,47,47
[2025-12-04 11:59:52] Performing Preference /instance/org.eclipse.ui.workbench/org.eclipse.egit.ui.UncommittedChangeForegroundColor = 114,157,186
[2025-12-04 11:59:52] Performing Preference /instance/org.eclipse.ui.workbench/org.eclipse.jdt.ui.ColoredLabels.inherited = 143,143,191
[2025-12-04 11:59:52] Performing Preference /instance/org.eclipse.ui.workbench/org.eclipse.jdt.ui.ColoredLabels.writeaccess_highlight = 255,128,128
[2025-12-04 11:59:52] Performing Preference /instance/org.eclipse.ui.workbench/org.eclipse.jdt.ui.Javadoc.backgroundColor = 52,57,61
[2025-12-04 11:59:52] Performing Preference /instance/org.eclipse.ui.workbench/org.eclipse.jdt.ui.Javadoc.foregroundColor = 238,238,238
[2025-12-04 11:59:52] Performing Preference /instance/org.eclipse.ui.workbench/org.eclipse.jface.REVISION_NEWEST_COLOR = 75,44,3
[2025-12-04 11:59:52] Performing Preference /instance/org.eclipse.ui.workbench/org.eclipse.jface.REVISION_OLDEST_COLOR = 154,113,61
[2025-12-04 11:59:52] Performing Preference /instance/org.eclipse.ui.workbench/org.eclipse.pde.genericeditor.extension.editor.color.attribute = 196,138,114
[2025-12-04 11:59:52] Performing Preference /instance/org.eclipse.ui.workbench/org.eclipse.pde.genericeditor.extension.editor.color.comment = 96,139,78
[2025-12-04 11:59:52] Performing Preference /instance/org.eclipse.ui.workbench/org.eclipse.pde.genericeditor.extension.editor.color.header = 128,128,128
[2025-12-04 11:59:52] Performing Preference /instance/org.eclipse.ui.workbench/org.eclipse.pde.genericeditor.extension.editor.color.quote = 118,200,244
[2025-12-04 11:59:52] Performing Preference /instance/org.eclipse.ui.workbench/org.eclipse.pde.genericeditor.extension.editor.color.tag = 86,156,214
[2025-12-04 11:59:52] Performing Preference /instance/org.eclipse.ui.workbench/org.eclipse.pde.genericeditor.extension.editor.color.text = 212,212,212
[2025-12-04 11:59:52] Performing Preference /instance/org.eclipse.ui.workbench/org.eclipse.search.ui.match.highlight = 206,92,0
[2025-12-04 11:59:52] Performing Preference /instance/org.eclipse.ui.workbench/org.eclipse.ui.editors.rangeIndicatorColor = 27,118,153
[2025-12-04 11:59:52] Performing Preference /instance/org.eclipse.ui.workbench/org.eclipse.ui.workbench.HOVER_BACKGROUND = 52,57,61
[2025-12-04 11:59:52] Performing Preference /instance/org.eclipse.ui.workbench/org.eclipse.ui.workbench.HOVER_FOREGROUND = 238,238,238
[2025-12-04 11:59:52] Performing Preference /instance/org.eclipse.ui.workbench/org.eclipse.ui.workbench.INFORMATION_BACKGROUND = 81,86,88
[2025-12-04 11:59:52] Performing Preference /instance/org.eclipse.ui.workbench/org.eclipse.ui.workbench.INFORMATION_FOREGROUND = 238,238,238
[2025-12-04 11:59:52] Performing Preference /instance/org.eclipse.ui.workbench/OUTGOING_COLOR = 238,238,238
[2025-12-04 11:59:52] Performing Preference /instance/org.eclipse.ui.workbench/overriddenByCSS = ,org.eclipse.jdt.ui.ColoredLabels.inherited,org.eclipse.jdt.ui.Javadoc.backgroundColor,org.eclipse.jdt.ui.Javadoc.foregroundColor,org.eclipse.jdt.ui.ColoredLabels.writeaccess_highlight,org.eclipse.egit.ui.CommitMessageCommentColor,org.eclipse.egit.ui.DiffAddBackgroundColor,org.eclipse.egit.ui.DiffAddForegroundColor,org.eclipse.egit.ui.DiffHeadlineBackgroundColor,org.eclipse.egit.ui.DiffHeadlineForegroundColor,org.eclipse.egit.ui.DiffHunkBackgroundColor,org.eclipse.egit.ui.DiffHunkForegroundColor,org.eclipse.egit.ui.DiffRemoveBackgroundColor,org.eclipse.egit.ui.DiffRemoveForegroundColor,org.eclipse.egit.ui.IgnoredResourceBackgroundColor,org.eclipse.egit.ui.IgnoredResourceForegroundColor,org.eclipse.egit.ui.UncommittedChangeBackgroundColor,org.eclipse.egit.ui.UncommittedChangeForegroundColor,org.eclipse.pde.genericeditor.extension.editor.color.tag,org.eclipse.pde.genericeditor.extension.editor.color.attribute,org.eclipse.pde.genericeditor.extension.editor.color.text,org.eclipse.pde.genericeditor.extension.editor.color.header,org.eclipse.pde.genericeditor.extension.editor.color.comment,org.eclipse.pde.genericeditor.extension.editor.color.quote,ACTIVE_HYPERLINK_COLOR,CONFLICTING_COLOR,CONTENT_ASSIST_BACKGROUND_COLOR,CONTENT_ASSIST_FOREGROUND_COLOR,org.eclipse.ui.workbench.INFORMATION_BACKGROUND,org.eclipse.ui.workbench.INFORMATION_FOREGROUND,org.eclipse.ui.workbench.HOVER_BACKGROUND,org.eclipse.ui.workbench.HOVER_FOREGROUND,ERROR_COLOR,HYPERLINK_COLOR,INCOMING_COLOR,OUTGOING_COLOR,RESOLVED_COLOR,EDITION_COLOR,org.eclipse.search.ui.match.highlight,org.eclipse.ui.editors.rangeIndicatorColor,org.eclipse.jface.REVISION_NEWEST_COLOR,org.eclipse.jface.REVISION_OLDEST_COLOR,
[2025-12-04 11:59:52] Performing Preference /instance/org.eclipse.ui.workbench/RESOLVED_COLOR = 108,210,17
[2025-12-04 11:59:52] Performing Preference /instance/org.eclipse.wst.sse.ui/content_assist_completion_replacement_background = 200,200,0
[2025-12-04 11:59:52] Performing Preference /instance/org.eclipse.wst.sse.ui/content_assist_completion_replacement_foreground = 200,0,0
[2025-12-04 11:59:52] Performing Preference /instance/org.eclipse.wst.sse.ui/content_assist_parameters_background = 52,57,61
[2025-12-04 11:59:52] Performing Preference /instance/org.eclipse.wst.sse.ui/content_assist_parameters_foreground = 238,238,238
[2025-12-04 11:59:52] Performing Preference /instance/org.eclipse.wst.sse.ui/content_assist_proposals_background = 52,57,61
[2025-12-04 11:59:52] Performing Preference /instance/org.eclipse.wst.sse.ui/content_assist_proposals_foreground = 238,238,238
[2025-12-04 11:59:52] Performing Preference /instance/org.eclipse.wst.sse.ui/overriddenByCSS = ,content_assist_completion_replacement_background,content_assist_completion_replacement_foreground,content_assist_parameters_background,content_assist_parameters_foreground,content_assist_proposals_background,content_assist_proposals_foreground,
[2025-12-04 11:59:52] 
[2025-12-04 12:03:19] Executing startup tasks
[2025-12-04 12:03:19] OpenJDK Runtime Environment 17.0.2+8
[2025-12-04 12:03:19] Product self.product.version
[2025-12-04 12:03:19] Workspace /Users/riccardoromanello/Desktop/Hide-after-valuetools/Git Valuetools/runtime-EclipseApplication
[2025-12-04 12:03:19] Bundle org.eclipse.oomph.setup 1.25.0.v20220903-1123, build=5632, branch=e5d50810299859e75a8731a209e2f3442e7a94f5
[2025-12-04 12:03:19] Bundle org.eclipse.oomph.setup.core 1.25.0.v20220822-1127, build=5632, branch=e5d50810299859e75a8731a209e2f3442e7a94f5
[2025-12-04 12:03:19] Bundle org.eclipse.oomph.setup.p2 1.19.0.v20220607-1104, build=5632, branch=e5d50810299859e75a8731a209e2f3442e7a94f5
[2025-12-04 12:03:19] Performing Preference /instance/org.eclipse.ui.workbench/org.eclipse.ui.workbench.HOVER_BACKGROUND = 52,57,61
[2025-12-04 12:03:19] Performing Preference /instance/org.eclipse.ui.workbench/org.eclipse.ui.workbench.HOVER_FOREGROUND = 238,238,238
[2025-12-04 12:03:19] 
[2025-12-04 12:06:17] Executing startup tasks
[2025-12-04 12:06:17] OpenJDK Runtime Environment 17.0.2+8
[2025-12-04 12:06:17] Product self.product.version
[2025-12-04 12:06:17] Workspace /Users/riccardoromanello/Desktop/Hide-after-valuetools/Git Valuetools/runtime-EclipseApplication
[2025-12-04 12:06:17] Bundle org.eclipse.oomph.setup 1.25.0.v20220903-1123, build=5632, branch=e5d50810299859e75a8731a209e2f3442e7a94f5
[2025-12-04 12:06:17] Bundle org.eclipse.oomph.setup.core 1.25.0.v20220822-1127, build=5632, branch=e5d50810299859e75a8731a209e2f3442e7a94f5
[2025-12-04 12:06:17] Bundle org.eclipse.oomph.setup.p2 1.19.0.v20220607-1104, build=5632, branch=e5d50810299859e75a8731a209e2f3442e7a94f5
[2025-12-04 12:06:17] Performing Preference /instance/org.eclipse.debug.ui/org.eclipse.debug.ui.changedDebugElement = 255,128,128
[2025-12-04 12:06:17] Performing Preference /instance/org.eclipse.debug.ui/org.eclipse.debug.ui.consoleBackground = 53,53,53
[2025-12-04 12:06:17] Performing Preference /instance/org.eclipse.debug.ui/org.eclipse.debug.ui.errorColor = 225,30,70
[2025-12-04 12:06:17] Performing Preference /instance/org.eclipse.debug.ui/org.eclipse.debug.ui.inColor = 140,175,210
[2025-12-04 12:06:17] Performing Preference /instance/org.eclipse.debug.ui/org.eclipse.debug.ui.MemoryHistoryKnownColor = 235,235,235
[2025-12-04 12:06:17] Performing Preference /instance/org.eclipse.debug.ui/org.eclipse.debug.ui.MemoryHistoryUnknownColor = 170,175,185
[2025-12-04 12:06:17] Performing Preference /instance/org.eclipse.debug.ui/org.eclipse.debug.ui.outColor = 235,235,235
[2025-12-04 12:06:17] Performing Preference /instance/org.eclipse.debug.ui/org.eclipse.debug.ui.PREF_CHANGED_VALUE_BACKGROUND = 150,80,115
[2025-12-04 12:06:17] Performing Preference /instance/org.eclipse.debug.ui/overriddenByCSS = ,org.eclipse.debug.ui.MemoryHistoryKnownColor,org.eclipse.debug.ui.MemoryHistoryUnknownColor,org.eclipse.debug.ui.PREF_CHANGED_VALUE_BACKGROUND,org.eclipse.debug.ui.changedDebugElement,org.eclipse.debug.ui.consoleBackground,org.eclipse.debug.ui.errorColor,org.eclipse.debug.ui.inColor,org.eclipse.debug.ui.outColor,
[2025-12-04 12:06:17] Performing Preference /instance/org.eclipse.jdt.ui/content_assist_completion_replacement_background = 200,200,0
[2025-12-04 12:06:17] Performing Preference /instance/org.eclipse.jdt.ui/content_assist_completion_replacement_foreground = 200,0,0
[2025-12-04 12:06:17] Performing Preference /instance/org.eclipse.jdt.ui/content_assist_parameters_background = 52,57,61
[2025-12-04 12:06:17] Performing Preference /instance/org.eclipse.jdt.ui/content_assist_parameters_foreground = 238,238,238
[2025-12-04 12:06:17] Performing Preference /instance/org.eclipse.jdt.ui/java_bracket = 249,250,244
[2025-12-04 12:06:17] Performing Preference /instance/org.eclipse.jdt.ui/java_comment_task_tag = 154,140,124
[2025-12-04 12:06:17] Performing Preference /instance/org.eclipse.jdt.ui/java_default = 217,232,247
[2025-12-04 12:06:17] Performing Preference /instance/org.eclipse.jdt.ui/java_doc_default = 128,128,128
[2025-12-04 12:06:17] Performing Preference /instance/org.eclipse.jdt.ui/java_doc_keyword = 154,140,124
[2025-12-04 12:06:17] Performing Preference /instance/org.eclipse.jdt.ui/java_doc_link = 169,156,140
[2025-12-04 12:06:17] Performing Preference /instance/org.eclipse.jdt.ui/java_doc_tag = 30,120,155
[2025-12-04 12:06:17] Performing Preference /instance/org.eclipse.jdt.ui/java_keyword = 204,108,29
[2025-12-04 12:06:17] Performing Preference /instance/org.eclipse.jdt.ui/java_keyword_bold = false
[2025-12-04 12:06:17] Performing Preference /instance/org.eclipse.jdt.ui/java_keyword_return = 204,108,29
[2025-12-04 12:06:17] Performing Preference /instance/org.eclipse.jdt.ui/java_keyword_return_bold = false
[2025-12-04 12:06:17] Performing Preference /instance/org.eclipse.jdt.ui/java_multi_line_comment = 128,128,128
[2025-12-04 12:06:17] Performing Preference /instance/org.eclipse.jdt.ui/java_operator = 230,230,250
[2025-12-04 12:06:17] Performing Preference /instance/org.eclipse.jdt.ui/java_single_line_comment = 128,128,128
[2025-12-04 12:06:17] Performing Preference /instance/org.eclipse.jdt.ui/java_string = 23,198,163
[2025-12-04 12:06:17] Performing Preference /instance/org.eclipse.jdt.ui/matchingBracketsColor = 249,250,244
[2025-12-04 12:06:17] Performing Preference /instance/org.eclipse.jdt.ui/overriddenByCSS = ,content_assist_completion_replacement_background,content_assist_completion_replacement_foreground,content_assist_parameters_background,content_assist_parameters_foreground,content_assist_proposals_background,content_assist_proposals_foreground,java_bracket,java_comment_task_tag,java_default,java_doc_default,java_doc_keyword,java_doc_link,java_doc_tag,java_keyword,java_keyword_bold,java_keyword_return,java_keyword_return_bold,java_multi_line_comment,java_operator,java_single_line_comment,java_string,matchingBracketsColor,pf_coloring_argument,pf_coloring_assignment,pf_coloring_comment,pf_coloring_key,pf_coloring_value,semanticHighlighting.abstractClass.color,semanticHighlighting.abstractClass.enabled,semanticHighlighting.abstractMethodInvocation.color,semanticHighlighting.abstractMethodInvocation.enabled,semanticHighlighting.annotation.color,semanticHighlighting.annotation.enabled,semanticHighlighting.annotation.italic,semanticHighlighting.annotationElementReference.color,semanticHighlighting.annotationElementReference.enabled,semanticHighlighting.class.color,semanticHighlighting.class.enabled,semanticHighlighting.deprecatedMember.color,semanticHighlighting.deprecatedMember.enabled,semanticHighlighting.deprecatedMember.underline,semanticHighlighting.deprecatedMember.strikethrough,semanticHighlighting.enum.color,semanticHighlighting.enum.enabled,semanticHighlighting.enum.italic,semanticHighlighting.field.color,semanticHighlighting.field.enabled,semanticHighlighting.inheritedField.color,semanticHighlighting.inheritedMethodInvocation.color,semanticHighlighting.inheritedMethodInvocation.enabled,semanticHighlighting.interface.color,semanticHighlighting.interface.enabled,semanticHighlighting.localVariable.color,semanticHighlighting.localVariable.enabled,semanticHighlighting.localVariableDeclaration.color,semanticHighlighting.localVariableDeclaration.enabled,semanticHighlighting.localVariableDeclaration.bold,semanticHighlighting.method.color,semanticHighlighting.method.enabled,semanticHighlighting.methodDeclarationName.color,semanticHighlighting.methodDeclarationName.enabled,semanticHighlighting.methodDeclarationName.bold,semanticHighlighting.number.color,semanticHighlighting.number.enabled,semanticHighlighting.parameterVariable.color,semanticHighlighting.parameterVariable.enabled,semanticHighlighting.staticField.color,semanticHighlighting.staticField.enabled,semanticHighlighting.staticFinalField.color,semanticHighlighting.staticFinalField.enabled,semanticHighlighting.staticMethodInvocation.color,semanticHighlighting.staticMethodInvocation.enabled,semanticHighlighting.typeArgument.color,semanticHighlighting.typeArgument.enabled,semanticHighlighting.typeParameter.color,semanticHighlighting.typeParameter.enabled,semanticHighlighting.typeParameter.bold,semanticHighlighting.restrictedKeywords.color,semanticHighlighting.restrictedKeywords.bold,sourceHoverBackgroundColor,
[2025-12-04 12:06:17] Performing Preference /instance/org.eclipse.jdt.ui/pf_coloring_argument = 221,40,103
[2025-12-04 12:06:17] Performing Preference /instance/org.eclipse.jdt.ui/pf_coloring_assignment = 217,232,247
[2025-12-04 12:06:17] Performing Preference /instance/org.eclipse.jdt.ui/pf_coloring_comment = 128,128,128
[2025-12-04 12:06:17] Performing Preference /instance/org.eclipse.jdt.ui/pf_coloring_key = 217,232,247
[2025-12-04 12:06:17] Performing Preference /instance/org.eclipse.jdt.ui/pf_coloring_value = 23,198,163
[2025-12-04 12:06:17] Performing Preference /instance/org.eclipse.jdt.ui/semanticHighlighting.abstractClass.color = 62,171,230
[2025-12-04 12:06:17] Performing Preference /instance/org.eclipse.jdt.ui/semanticHighlighting.abstractClass.enabled = true
[2025-12-04 12:06:17] Performing Preference /instance/org.eclipse.jdt.ui/semanticHighlighting.abstractMethodInvocation.color = 128,246,167
[2025-12-04 12:06:17] Performing Preference /instance/org.eclipse.jdt.ui/semanticHighlighting.abstractMethodInvocation.enabled = true
[2025-12-04 12:06:17] Performing Preference /instance/org.eclipse.jdt.ui/semanticHighlighting.annotation.color = 160,160,160
[2025-12-04 12:06:17] Performing Preference /instance/org.eclipse.jdt.ui/semanticHighlighting.annotation.italic = true
[2025-12-04 12:06:17] Performing Preference /instance/org.eclipse.jdt.ui/semanticHighlighting.annotationElementReference.color = 235,75,100
[2025-12-04 12:06:17] Performing Preference /instance/org.eclipse.jdt.ui/semanticHighlighting.annotationElementReference.enabled = true
[2025-12-04 12:06:17] Performing Preference /instance/org.eclipse.jdt.ui/semanticHighlighting.class.color = 18,144,195
[2025-12-04 12:06:17] Performing Preference /instance/org.eclipse.jdt.ui/semanticHighlighting.class.enabled = true
[2025-12-04 12:06:17] Performing Preference /instance/org.eclipse.jdt.ui/semanticHighlighting.deprecatedMember.color = 128,128,128
[2025-12-04 12:06:17] Performing Preference /instance/org.eclipse.jdt.ui/semanticHighlighting.enum.color = 204,129,186
[2025-12-04 12:06:17] Performing Preference /instance/org.eclipse.jdt.ui/semanticHighlighting.enum.enabled = true
[2025-12-04 12:06:17] Performing Preference /instance/org.eclipse.jdt.ui/semanticHighlighting.enum.italic = true
[2025-12-04 12:06:17] Performing Preference /instance/org.eclipse.jdt.ui/semanticHighlighting.field.color = 102,225,248
[2025-12-04 12:06:17] Performing Preference /instance/org.eclipse.jdt.ui/semanticHighlighting.inheritedField.color = 143,143,191
[2025-12-04 12:06:17] Performing Preference /instance/org.eclipse.jdt.ui/semanticHighlighting.inheritedMethodInvocation.color = 205,246,104
[2025-12-04 12:06:17] Performing Preference /instance/org.eclipse.jdt.ui/semanticHighlighting.inheritedMethodInvocation.enabled = true
[2025-12-04 12:06:17] Performing Preference /instance/org.eclipse.jdt.ui/semanticHighlighting.interface.color = 128,242,246
[2025-12-04 12:06:17] Performing Preference /instance/org.eclipse.jdt.ui/semanticHighlighting.interface.enabled = true
[2025-12-04 12:06:17] Performing Preference /instance/org.eclipse.jdt.ui/semanticHighlighting.localVariable.color = 243,236,121
[2025-12-04 12:06:17] Performing Preference /instance/org.eclipse.jdt.ui/semanticHighlighting.localVariableDeclaration.bold = false
[2025-12-04 12:06:17] Performing Preference /instance/org.eclipse.jdt.ui/semanticHighlighting.localVariableDeclaration.color = 242,242,0
[2025-12-04 12:06:17] Performing Preference /instance/org.eclipse.jdt.ui/semanticHighlighting.localVariableDeclaration.enabled = true
[2025-12-04 12:06:17] Performing Preference /instance/org.eclipse.jdt.ui/semanticHighlighting.method.color = 167,236,33
[2025-12-04 12:06:17] Performing Preference /instance/org.eclipse.jdt.ui/semanticHighlighting.method.enabled = true
[2025-12-04 12:06:17] Performing Preference /instance/org.eclipse.jdt.ui/semanticHighlighting.methodDeclarationName.bold = false
[2025-12-04 12:06:17] Performing Preference /instance/org.eclipse.jdt.ui/semanticHighlighting.methodDeclarationName.color = 30,181,64
[2025-12-04 12:06:17] Performing Preference /instance/org.eclipse.jdt.ui/semanticHighlighting.methodDeclarationName.enabled = true
[2025-12-04 12:06:17] Performing Preference /instance/org.eclipse.jdt.ui/semanticHighlighting.number.color = 104,151,187
[2025-12-04 12:06:17] Performing Preference /instance/org.eclipse.jdt.ui/semanticHighlighting.number.enabled = true
[2025-12-04 12:06:17] Performing Preference /instance/org.eclipse.jdt.ui/semanticHighlighting.parameterVariable.color = 121,171,255
[2025-12-04 12:06:17] Performing Preference /instance/org.eclipse.jdt.ui/semanticHighlighting.parameterVariable.enabled = true
[2025-12-04 12:06:17] Performing Preference /instance/org.eclipse.jdt.ui/semanticHighlighting.restrictedKeywords.bold = false
[2025-12-04 12:06:18] Performing Preference /instance/org.eclipse.jdt.ui/semanticHighlighting.restrictedKeywords.color = 204,108,29
[2025-12-04 12:06:18] Performing Preference /instance/org.eclipse.jdt.ui/semanticHighlighting.staticField.color = 141,218,248
[2025-12-04 12:06:18] Performing Preference /instance/org.eclipse.jdt.ui/semanticHighlighting.staticFinalField.color = 141,218,248
[2025-12-04 12:06:18] Performing Preference /instance/org.eclipse.jdt.ui/semanticHighlighting.staticMethodInvocation.color = 150,236,63
[2025-12-04 12:06:18] Performing Preference /instance/org.eclipse.jdt.ui/semanticHighlighting.typeArgument.color = 177,102,218
[2025-12-04 12:06:18] Performing Preference /instance/org.eclipse.jdt.ui/semanticHighlighting.typeArgument.enabled = true
[2025-12-04 12:06:18] Performing Preference /instance/org.eclipse.jdt.ui/semanticHighlighting.typeParameter.bold = false
[2025-12-04 12:06:18] Performing Preference /instance/org.eclipse.jdt.ui/semanticHighlighting.typeParameter.color = 191,164,164
[2025-12-04 12:06:18] Performing Preference /instance/org.eclipse.jdt.ui/semanticHighlighting.typeParameter.enabled = true
[2025-12-04 12:06:18] Performing Preference /instance/org.eclipse.jdt.ui/sourceHoverBackgroundColor = 68,68,68
[2025-12-04 12:06:18] Performing Preference /instance/org.eclipse.ui.editors/AbstractTextEditor.Color.Background = 47,47,47
[2025-12-04 12:06:18] Performing Preference /instance/org.eclipse.ui.editors/AbstractTextEditor.Color.Background.SystemDefault = false
[2025-12-04 12:06:18] Performing Preference /instance/org.eclipse.ui.editors/AbstractTextEditor.Color.FindScope = 30,120,155
[2025-12-04 12:06:18] Performing Preference /instance/org.eclipse.ui.editors/AbstractTextEditor.Color.Foreground = 204,204,204
[2025-12-04 12:06:18] Performing Preference /instance/org.eclipse.ui.editors/AbstractTextEditor.Color.Foreground.SystemDefault = false
[2025-12-04 12:06:18] Performing Preference /instance/org.eclipse.ui.editors/AbstractTextEditor.Color.SelectionBackground = 33,66,131
[2025-12-04 12:06:18] Performing Preference /instance/org.eclipse.ui.editors/AbstractTextEditor.Color.SelectionBackground.SystemDefault = false
[2025-12-04 12:06:18] Performing Preference /instance/org.eclipse.ui.editors/AbstractTextEditor.Color.SelectionForeground = 147,161,161
[2025-12-04 12:06:18] Performing Preference /instance/org.eclipse.ui.editors/AbstractTextEditor.Color.SelectionForeground.SystemDefault = false
[2025-12-04 12:06:18] Performing Preference /instance/org.eclipse.ui.editors/asOccurencesIndicationColor = 72,72,72
[2025-12-04 12:06:18] Performing Preference /instance/org.eclipse.ui.editors/breakpointIndicationColor = 51,119,193
[2025-12-04 12:06:18] Performing Preference /instance/org.eclipse.ui.editors/currentIPColor = 90,90,90
[2025-12-04 12:06:18] Performing Preference /instance/org.eclipse.ui.editors/currentLineColor = 55,55,55
[2025-12-04 12:06:18] Performing Preference /instance/org.eclipse.ui.editors/deletionIndicationColor = 224,226,228
[2025-12-04 12:06:18] Performing Preference /instance/org.eclipse.ui.editors/filteredSearchResultIndicationColor = 27,98,145
[2025-12-04 12:06:18] Performing Preference /instance/org.eclipse.ui.editors/fullcoverage_color = 6,74,6
[2025-12-04 12:06:18] Performing Preference /instance/org.eclipse.ui.editors/hyperlinkColor = 102,175,249
[2025-12-04 12:06:18] Performing Preference /instance/org.eclipse.ui.editors/hyperlinkColor.SystemDefault = false
[2025-12-04 12:06:18] Performing Preference /instance/org.eclipse.ui.editors/infoIndicationColor = 86,194,170
[2025-12-04 12:06:18] Performing Preference /instance/org.eclipse.ui.editors/lineNumberColor = 119,145,154
[2025-12-04 12:06:18] Performing Preference /instance/org.eclipse.ui.editors/linked.slave.color = 66,156,255
[2025-12-04 12:06:18] Performing Preference /instance/org.eclipse.ui.editors/LSP4EReadOccurrenceIndicationColor = 27,98,145
[2025-12-04 12:06:18] Performing Preference /instance/org.eclipse.ui.editors/LSP4ETextOccurrenceIndicationColor = 27,98,145
[2025-12-04 12:06:18] Performing Preference /instance/org.eclipse.ui.editors/LSP4EWriteOccurrenceIndicationColor = 27,98,145
[2025-12-04 12:06:18] Performing Preference /instance/org.eclipse.ui.editors/matchingTagIndicationColor = 72,72,72
[2025-12-04 12:06:18] Performing Preference /instance/org.eclipse.ui.editors/nocoverage_color = 98,5,5
[2025-12-04 12:06:18] Performing Preference /instance/org.eclipse.ui.editors/occurrenceIndicationColor = 27,98,145
[2025-12-04 12:06:18] Performing Preference /instance/org.eclipse.ui.editors/overriddenByCSS = ,fullcoverage_color,partialcoverage_color,nocoverage_color,TextOccurrenceIndicationColor,LSP4EReadOccurrenceIndicationColor,LSP4EWriteOccurrenceIndicationColor,LSP4ETextOccurrenceIndicationColor,TM4EMatchingPairColor,AbstractTextEditor.Color.Background.SystemDefault,AbstractTextEditor.Color.SelectionForeground.SystemDefault,AbstractTextEditor.Color.SelectionBackground.SystemDefault,AbstractTextEditor.Color.Background,AbstractTextEditor.Color.Foreground.SystemDefault,AbstractTextEditor.Color.SelectionBackground,AbstractTextEditor.Color.SelectionForeground,AbstractTextEditor.Color.Foreground,AbstractTextEditor.Color.FindScope,asOccurencesIndicationColor,breakpointIndicationColor,currentIPColor,currentLineColor,deletionIndicationColor,filteredSearchResultIndicationColor,hyperlinkColor,hyperlinkColor.SystemDefault,infoIndicationColor,lineNumberColor,linked.slave.color,matchingTagIndicationColor,occurrenceIndicationColor,overrideIndicatorColor,printMarginColor,searchResultHighlighting,searchResultIndication,searchResultIndicationColor,searchResultTextStyle,secondaryIPColor,spellingIndicationColor,writeOccurrenceIndicationColor,
[2025-12-04 12:06:18] Performing Preference /instance/org.eclipse.ui.editors/overrideIndicatorColor = 78,120,117
[2025-12-04 12:06:18] Performing Preference /instance/org.eclipse.ui.editors/partialcoverage_color = 98,98,0
[2025-12-04 12:06:18] Performing Preference /instance/org.eclipse.ui.editors/printMarginColor = 81,86,88
[2025-12-04 12:06:18] Performing Preference /instance/org.eclipse.ui.editors/searchResultHighlighting = false
[2025-12-04 12:06:18] Performing Preference /instance/org.eclipse.ui.editors/searchResultIndication = true
[2025-12-04 12:06:18] Performing Preference /instance/org.eclipse.ui.editors/searchResultIndicationColor = 94,94,94
[2025-12-04 12:06:18] Performing Preference /instance/org.eclipse.ui.editors/searchResultTextStyle = BOX
[2025-12-04 12:06:18] Performing Preference /instance/org.eclipse.ui.editors/secondaryIPColor = 90,90,90
[2025-12-04 12:06:18] Performing Preference /instance/org.eclipse.ui.editors/spellingIndicationColor = 253,170,211
[2025-12-04 12:06:18] Performing Preference /instance/org.eclipse.ui.editors/TextOccurrenceIndicationColor = 27, 98, 145
[2025-12-04 12:06:18] Performing Preference /instance/org.eclipse.ui.editors/TM4EMatchingPairColor = 27,98,145
[2025-12-04 12:06:18] Performing Preference /instance/org.eclipse.ui.editors/writeOccurrenceIndicationColor = 27,98,145
[2025-12-04 12:06:18] Performing Preference /instance/org.eclipse.ui.workbench/ACTIVE_HYPERLINK_COLOR = 138,201,242
[2025-12-04 12:06:18] Performing Preference /instance/org.eclipse.ui.workbench/CONFLICTING_COLOR = 240,15,66
[2025-12-04 12:06:18] Performing Preference /instance/org.eclipse.ui.workbench/CONTENT_ASSIST_BACKGROUND_COLOR = 52,57,61
[2025-12-04 12:06:18] Performing Preference /instance/org.eclipse.ui.workbench/CONTENT_ASSIST_FOREGROUND_COLOR = 238,238,238
[2025-12-04 12:06:18] Performing Preference /instance/org.eclipse.ui.workbench/EDITION_COLOR = 238,238,238
[2025-12-04 12:06:18] Performing Preference /instance/org.eclipse.ui.workbench/ERROR_COLOR = 247,68,117
[2025-12-04 12:06:18] Performing Preference /instance/org.eclipse.ui.workbench/HYPERLINK_COLOR = 111,197,238
[2025-12-04 12:06:18] Performing Preference /instance/org.eclipse.ui.workbench/INCOMING_COLOR = 31,179,235
[2025-12-04 12:06:18] Performing Preference /instance/org.eclipse.ui.workbench/org.eclipse.egit.ui.CommitMessageCommentColor = 128,128,128
[2025-12-04 12:06:18] Performing Preference /instance/org.eclipse.ui.workbench/org.eclipse.egit.ui.DiffAddBackgroundColor = 11,121,90
[2025-12-04 12:06:18] Performing Preference /instance/org.eclipse.ui.workbench/org.eclipse.egit.ui.DiffAddForegroundColor = 216,254,245
[2025-12-04 12:06:18] Performing Preference /instance/org.eclipse.ui.workbench/org.eclipse.egit.ui.DiffHeadlineBackgroundColor = 71,71,71
[2025-12-04 12:06:18] Performing Preference /instance/org.eclipse.ui.workbench/org.eclipse.egit.ui.DiffHeadlineForegroundColor = 242,242,242
[2025-12-04 12:06:18] Performing Preference /instance/org.eclipse.ui.workbench/org.eclipse.egit.ui.DiffHunkBackgroundColor = 53,97,113
[2025-12-04 12:06:18] Performing Preference /instance/org.eclipse.ui.workbench/org.eclipse.egit.ui.DiffHunkForegroundColor = 233,242,254
[2025-12-04 12:06:18] Performing Preference /instance/org.eclipse.ui.workbench/org.eclipse.egit.ui.DiffRemoveBackgroundColor = 117,2,36
[2025-12-04 12:06:18] Performing Preference /instance/org.eclipse.ui.workbench/org.eclipse.egit.ui.DiffRemoveForegroundColor = 255,232,237
[2025-12-04 12:06:18] Performing Preference /instance/org.eclipse.ui.workbench/org.eclipse.egit.ui.IgnoredResourceBackgroundColor = 47,47,47
[2025-12-04 12:06:18] Performing Preference /instance/org.eclipse.ui.workbench/org.eclipse.egit.ui.IgnoredResourceForegroundColor = 120,120,120
[2025-12-04 12:06:18] Performing Preference /instance/org.eclipse.ui.workbench/org.eclipse.egit.ui.UncommittedChangeBackgroundColor = 47,47,47
[2025-12-04 12:06:18] Performing Preference /instance/org.eclipse.ui.workbench/org.eclipse.egit.ui.UncommittedChangeForegroundColor = 114,157,186
[2025-12-04 12:06:18] Performing Preference /instance/org.eclipse.ui.workbench/org.eclipse.jdt.ui.ColoredLabels.inherited = 143,143,191
[2025-12-04 12:06:18] Performing Preference /instance/org.eclipse.ui.workbench/org.eclipse.jdt.ui.ColoredLabels.writeaccess_highlight = 255,128,128
[2025-12-04 12:06:18] Performing Preference /instance/org.eclipse.ui.workbench/org.eclipse.jdt.ui.Javadoc.backgroundColor = 52,57,61
[2025-12-04 12:06:18] Performing Preference /instance/org.eclipse.ui.workbench/org.eclipse.jdt.ui.Javadoc.foregroundColor = 238,238,238
[2025-12-04 12:06:18] Performing Preference /instance/org.eclipse.ui.workbench/org.eclipse.jface.REVISION_NEWEST_COLOR = 75,44,3
[2025-12-04 12:06:18] Performing Preference /instance/org.eclipse.ui.workbench/org.eclipse.jface.REVISION_OLDEST_COLOR = 154,113,61
[2025-12-04 12:06:18] Performing Preference /instance/org.eclipse.ui.workbench/org.eclipse.pde.genericeditor.extension.editor.color.attribute = 196,138,114
[2025-12-04 12:06:18] Performing Preference /instance/org.eclipse.ui.workbench/org.eclipse.pde.genericeditor.extension.editor.color.comment = 96,139,78
[2025-12-04 12:06:18] Performing Preference /instance/org.eclipse.ui.workbench/org.eclipse.pde.genericeditor.extension.editor.color.header = 128,128,128
[2025-12-04 12:06:18] Performing Preference /instance/org.eclipse.ui.workbench/org.eclipse.pde.genericeditor.extension.editor.color.quote = 118,200,244
[2025-12-04 12:06:18] Performing Preference /instance/org.eclipse.ui.workbench/org.eclipse.pde.genericeditor.extension.editor.color.tag = 86,156,214
[2025-12-04 12:06:18] Performing Preference /instance/org.eclipse.ui.workbench/org.eclipse.pde.genericeditor.extension.editor.color.text = 212,212,212
[2025-12-04 12:06:18] Performing Preference /instance/org.eclipse.ui.workbench/org.eclipse.search.ui.match.highlight = 206,92,0
[2025-12-04 12:06:18] Performing Preference /instance/org.eclipse.ui.workbench/org.eclipse.ui.editors.rangeIndicatorColor = 27,118,153
[2025-12-04 12:06:18] Performing Preference /instance/org.eclipse.ui.workbench/org.eclipse.ui.workbench.HOVER_BACKGROUND = 52,57,61
[2025-12-04 12:06:18] Performing Preference /instance/org.eclipse.ui.workbench/org.eclipse.ui.workbench.HOVER_FOREGROUND = 238,238,238
[2025-12-04 12:06:18] Performing Preference /instance/org.eclipse.ui.workbench/org.eclipse.ui.workbench.INFORMATION_BACKGROUND = 81,86,88
[2025-12-04 12:06:18] Performing Preference /instance/org.eclipse.ui.workbench/org.eclipse.ui.workbench.INFORMATION_FOREGROUND = 238,238,238
[2025-12-04 12:06:18] Performing Preference /instance/org.eclipse.ui.workbench/OUTGOING_COLOR = 238,238,238
[2025-12-04 12:06:18] Performing Preference /instance/org.eclipse.ui.workbench/overriddenByCSS = ,org.eclipse.jdt.ui.ColoredLabels.inherited,org.eclipse.jdt.ui.Javadoc.backgroundColor,org.eclipse.jdt.ui.Javadoc.foregroundColor,org.eclipse.jdt.ui.ColoredLabels.writeaccess_highlight,org.eclipse.egit.ui.CommitMessageCommentColor,org.eclipse.egit.ui.DiffAddBackgroundColor,org.eclipse.egit.ui.DiffAddForegroundColor,org.eclipse.egit.ui.DiffHeadlineBackgroundColor,org.eclipse.egit.ui.DiffHeadlineForegroundColor,org.eclipse.egit.ui.DiffHunkBackgroundColor,org.eclipse.egit.ui.DiffHunkForegroundColor,org.eclipse.egit.ui.DiffRemoveBackgroundColor,org.eclipse.egit.ui.DiffRemoveForegroundColor,org.eclipse.egit.ui.IgnoredResourceBackgroundColor,org.eclipse.egit.ui.IgnoredResourceForegroundColor,org.eclipse.egit.ui.UncommittedChangeBackgroundColor,org.eclipse.egit.ui.UncommittedChangeForegroundColor,org.eclipse.pde.genericeditor.extension.editor.color.tag,org.eclipse.pde.genericeditor.extension.editor.color.attribute,org.eclipse.pde.genericeditor.extension.editor.color.text,org.eclipse.pde.genericeditor.extension.editor.color.header,org.eclipse.pde.genericeditor.extension.editor.color.comment,org.eclipse.pde.genericeditor.extension.editor.color.quote,ACTIVE_HYPERLINK_COLOR,CONFLICTING_COLOR,CONTENT_ASSIST_BACKGROUND_COLOR,CONTENT_ASSIST_FOREGROUND_COLOR,org.eclipse.ui.workbench.INFORMATION_BACKGROUND,org.eclipse.ui.workbench.INFORMATION_FOREGROUND,org.eclipse.ui.workbench.HOVER_BACKGROUND,org.eclipse.ui.workbench.HOVER_FOREGROUND,ERROR_COLOR,HYPERLINK_COLOR,INCOMING_COLOR,OUTGOING_COLOR,RESOLVED_COLOR,EDITION_COLOR,org.eclipse.search.ui.match.highlight,org.eclipse.ui.editors.rangeIndicatorColor,org.eclipse.jface.REVISION_NEWEST_COLOR,org.eclipse.jface.REVISION_OLDEST_COLOR,
[2025-12-04 12:06:18] Performing Preference /instance/org.eclipse.ui.workbench/RESOLVED_COLOR = 108,210,17
[2025-12-04 12:06:18] Performing Preference /instance/org.eclipse.wst.sse.ui/content_assist_completion_replacement_background = 200,200,0
[2025-12-04 12:06:19] Performing Preference /instance/org.eclipse.wst.sse.ui/content_assist_completion_replacement_foreground = 200,0,0
[2025-12-04 12:06:19] Performing Preference /instance/org.eclipse.wst.sse.ui/content_assist_parameters_background = 52,57,61
[2025-12-04 12:06:19] Performing Preference /instance/org.eclipse.wst.sse.ui/content_assist_parameters_foreground = 238,238,238
[2025-12-04 12:06:19] Performing Preference /instance/org.eclipse.wst.sse.ui/content_assist_proposals_background = 52,57,61
[2025-12-04 12:06:19] Performing Preference /instance/org.eclipse.wst.sse.ui/content_assist_proposals_foreground = 238,238,238
[2025-12-04 12:06:19] Performing Preference /instance/org.eclipse.wst.sse.ui/overriddenByCSS = ,content_assist_completion_replacement_background,content_assist_completion_replacement_foreground,content_assist_parameters_background,content_assist_parameters_foreground,content_assist_proposals_background,content_assist_proposals_foreground,
[2025-12-04 12:06:19] 
[2025-12-04 12:19:11] Executing startup tasks
[2025-12-04 12:19:11] OpenJDK Runtime Environment 17.0.2+8
[2025-12-04 12:19:11] Product self.product.version
[2025-12-04 12:19:11] Workspace /Users/riccardoromanello/Desktop/Hide-after-valuetools/Git Valuetools/runtime-EclipseApplication
[2025-12-04 12:19:11] Bundle org.eclipse.oomph.setup 1.25.0.v20220903-1123, build=5632, branch=e5d50810299859e75a8731a209e2f3442e7a94f5
[2025-12-04 12:19:11] Bundle org.eclipse.oomph.setup.core 1.25.0.v20220822-1127, build=5632, branch=e5d50810299859e75a8731a209e2f3442e7a94f5
[2025-12-04 12:19:11] Bundle org.eclipse.oomph.setup.p2 1.19.0.v20220607-1104, build=5632, branch=e5d50810299859e75a8731a209e2f3442e7a94f5
[2025-12-04 12:19:11] Performing Preference /instance/org.eclipse.debug.ui/org.eclipse.debug.ui.changedDebugElement = 255,128,128
[2025-12-04 12:19:11] Performing Preference /instance/org.eclipse.debug.ui/org.eclipse.debug.ui.consoleBackground = 53,53,53
[2025-12-04 12:19:11] Performing Preference /instance/org.eclipse.debug.ui/org.eclipse.debug.ui.errorColor = 225,30,70
[2025-12-04 12:19:11] Performing Preference /instance/org.eclipse.debug.ui/org.eclipse.debug.ui.inColor = 140,175,210
[2025-12-04 12:19:11] Performing Preference /instance/org.eclipse.debug.ui/org.eclipse.debug.ui.MemoryHistoryKnownColor = 235,235,235
[2025-12-04 12:19:11] Performing Preference /instance/org.eclipse.debug.ui/org.eclipse.debug.ui.MemoryHistoryUnknownColor = 170,175,185
[2025-12-04 12:19:11] Performing Preference /instance/org.eclipse.debug.ui/org.eclipse.debug.ui.outColor = 235,235,235
[2025-12-04 12:19:11] Performing Preference /instance/org.eclipse.debug.ui/org.eclipse.debug.ui.PREF_CHANGED_VALUE_BACKGROUND = 150,80,115
[2025-12-04 12:19:11] Performing Preference /instance/org.eclipse.debug.ui/overriddenByCSS = ,org.eclipse.debug.ui.MemoryHistoryKnownColor,org.eclipse.debug.ui.MemoryHistoryUnknownColor,org.eclipse.debug.ui.PREF_CHANGED_VALUE_BACKGROUND,org.eclipse.debug.ui.changedDebugElement,org.eclipse.debug.ui.consoleBackground,org.eclipse.debug.ui.errorColor,org.eclipse.debug.ui.inColor,org.eclipse.debug.ui.outColor,
[2025-12-04 12:19:11] Performing Preference /instance/org.eclipse.jdt.ui/content_assist_completion_replacement_background = 200,200,0
[2025-12-04 12:19:11] Performing Preference /instance/org.eclipse.jdt.ui/content_assist_completion_replacement_foreground = 200,0,0
[2025-12-04 12:19:11] Performing Preference /instance/org.eclipse.jdt.ui/content_assist_parameters_background = 52,57,61
[2025-12-04 12:19:11] Performing Preference /instance/org.eclipse.jdt.ui/content_assist_parameters_foreground = 238,238,238
[2025-12-04 12:19:11] Performing Preference /instance/org.eclipse.jdt.ui/java_bracket = 249,250,244
[2025-12-04 12:19:11] Performing Preference /instance/org.eclipse.jdt.ui/java_comment_task_tag = 154,140,124
[2025-12-04 12:19:11] Performing Preference /instance/org.eclipse.jdt.ui/java_default = 217,232,247
[2025-12-04 12:19:11] Performing Preference /instance/org.eclipse.jdt.ui/java_doc_default = 128,128,128
[2025-12-04 12:19:11] Performing Preference /instance/org.eclipse.jdt.ui/java_doc_keyword = 154,140,124
[2025-12-04 12:19:11] Performing Preference /instance/org.eclipse.jdt.ui/java_doc_link = 169,156,140
[2025-12-04 12:19:11] Performing Preference /instance/org.eclipse.jdt.ui/java_doc_tag = 30,120,155
[2025-12-04 12:19:11] Performing Preference /instance/org.eclipse.jdt.ui/java_keyword = 204,108,29
[2025-12-04 12:19:11] Performing Preference /instance/org.eclipse.jdt.ui/java_keyword_bold = false
[2025-12-04 12:19:11] Performing Preference /instance/org.eclipse.jdt.ui/java_keyword_return = 204,108,29
[2025-12-04 12:19:11] Performing Preference /instance/org.eclipse.jdt.ui/java_keyword_return_bold = false
[2025-12-04 12:19:11] Performing Preference /instance/org.eclipse.jdt.ui/java_multi_line_comment = 128,128,128
[2025-12-04 12:19:11] Performing Preference /instance/org.eclipse.jdt.ui/java_operator = 230,230,250
[2025-12-04 12:19:11] Performing Preference /instance/org.eclipse.jdt.ui/java_single_line_comment = 128,128,128
[2025-12-04 12:19:11] Performing Preference /instance/org.eclipse.jdt.ui/java_string = 23,198,163
[2025-12-04 12:19:11] Performing Preference /instance/org.eclipse.jdt.ui/matchingBracketsColor = 249,250,244
[2025-12-04 12:19:11] Performing Preference /instance/org.eclipse.jdt.ui/overriddenByCSS = ,content_assist_completion_replacement_background,content_assist_completion_replacement_foreground,content_assist_parameters_background,content_assist_parameters_foreground,content_assist_proposals_background,content_assist_proposals_foreground,java_bracket,java_comment_task_tag,java_default,java_doc_default,java_doc_keyword,java_doc_link,java_doc_tag,java_keyword,java_keyword_bold,java_keyword_return,java_keyword_return_bold,java_multi_line_comment,java_operator,java_single_line_comment,java_string,matchingBracketsColor,pf_coloring_argument,pf_coloring_assignment,pf_coloring_comment,pf_coloring_key,pf_coloring_value,semanticHighlighting.abstractClass.color,semanticHighlighting.abstractClass.enabled,semanticHighlighting.abstractMethodInvocation.color,semanticHighlighting.abstractMethodInvocation.enabled,semanticHighlighting.annotation.color,semanticHighlighting.annotation.enabled,semanticHighlighting.annotation.italic,semanticHighlighting.annotationElementReference.color,semanticHighlighting.annotationElementReference.enabled,semanticHighlighting.class.color,semanticHighlighting.class.enabled,semanticHighlighting.deprecatedMember.color,semanticHighlighting.deprecatedMember.enabled,semanticHighlighting.deprecatedMember.underline,semanticHighlighting.deprecatedMember.strikethrough,semanticHighlighting.enum.color,semanticHighlighting.enum.enabled,semanticHighlighting.enum.italic,semanticHighlighting.field.color,semanticHighlighting.field.enabled,semanticHighlighting.inheritedField.color,semanticHighlighting.inheritedMethodInvocation.color,semanticHighlighting.inheritedMethodInvocation.enabled,semanticHighlighting.interface.color,semanticHighlighting.interface.enabled,semanticHighlighting.localVariable.color,semanticHighlighting.localVariable.enabled,semanticHighlighting.localVariableDeclaration.color,semanticHighlighting.localVariableDeclaration.enabled,semanticHighlighting.localVariableDeclaration.bold,semanticHighlighting.method.color,semanticHighlighting.method.enabled,semanticHighlighting.methodDeclarationName.color,semanticHighlighting.methodDeclarationName.enabled,semanticHighlighting.methodDeclarationName.bold,semanticHighlighting.number.color,semanticHighlighting.number.enabled,semanticHighlighting.parameterVariable.color,semanticHighlighting.parameterVariable.enabled,semanticHighlighting.staticField.color,semanticHighlighting.staticField.enabled,semanticHighlighting.staticFinalField.color,semanticHighlighting.staticFinalField.enabled,semanticHighlighting.staticMethodInvocation.color,semanticHighlighting.staticMethodInvocation.enabled,semanticHighlighting.typeArgument.color,semanticHighlighting.typeArgument.enabled,semanticHighlighting.typeParameter.color,semanticHighlighting.typeParameter.enabled,semanticHighlighting.typeParameter.bold,semanticHighlighting.restrictedKeywords.color,semanticHighlighting.restrictedKeywords.bold,sourceHoverBackgroundColor,
[2025-12-04 12:19:11] Performing Preference /instance/org.eclipse.jdt.ui/pf_coloring_argument = 221,40,103
[2025-12-04 12:19:12] Performing Preference /instance/org.eclipse.jdt.ui/pf_coloring_assignment = 217,232,247
[2025-12-04 12:19:12] Performing Preference /instance/org.eclipse.jdt.ui/pf_coloring_comment = 128,128,128
[2025-12-04 12:19:12] Performing Preference /instance/org.eclipse.jdt.ui/pf_coloring_key = 217,232,247
[2025-12-04 12:19:12] Performing Preference /instance/org.eclipse.jdt.ui/pf_coloring_value = 23,198,163
[2025-12-04 12:19:12] Performing Preference /instance/org.eclipse.jdt.ui/semanticHighlighting.abstractClass.color = 62,171,230
[2025-12-04 12:19:12] Performing Preference /instance/org.eclipse.jdt.ui/semanticHighlighting.abstractClass.enabled = true
[2025-12-04 12:19:12] Performing Preference /instance/org.eclipse.jdt.ui/semanticHighlighting.abstractMethodInvocation.color = 128,246,167
[2025-12-04 12:19:12] Performing Preference /instance/org.eclipse.jdt.ui/semanticHighlighting.abstractMethodInvocation.enabled = true
[2025-12-04 12:19:12] Performing Preference /instance/org.eclipse.jdt.ui/semanticHighlighting.annotation.color = 160,160,160
[2025-12-04 12:19:12] Performing Preference /instance/org.eclipse.jdt.ui/semanticHighlighting.annotation.italic = true
[2025-12-04 12:19:12] Performing Preference /instance/org.eclipse.jdt.ui/semanticHighlighting.annotationElementReference.color = 235,75,100
[2025-12-04 12:19:12] Performing Preference /instance/org.eclipse.jdt.ui/semanticHighlighting.annotationElementReference.enabled = true
[2025-12-04 12:19:12] Performing Preference /instance/org.eclipse.jdt.ui/semanticHighlighting.class.color = 18,144,195
[2025-12-04 12:19:12] Performing Preference /instance/org.eclipse.jdt.ui/semanticHighlighting.class.enabled = true
[2025-12-04 12:19:12] Performing Preference /instance/org.eclipse.jdt.ui/semanticHighlighting.deprecatedMember.color = 128,128,128
[2025-12-04 12:19:12] Performing Preference /instance/org.eclipse.jdt.ui/semanticHighlighting.enum.color = 204,129,186
[2025-12-04 12:19:12] Performing Preference /instance/org.eclipse.jdt.ui/semanticHighlighting.enum.enabled = true
[2025-12-04 12:19:12] Performing Preference /instance/org.eclipse.jdt.ui/semanticHighlighting.enum.italic = true
[2025-12-04 12:19:12] Performing Preference /instance/org.eclipse.jdt.ui/semanticHighlighting.field.color = 102,225,248
[2025-12-04 12:19:12] Performing Preference /instance/org.eclipse.jdt.ui/semanticHighlighting.inheritedField.color = 143,143,191
[2025-12-04 12:19:12] Performing Preference /instance/org.eclipse.jdt.ui/semanticHighlighting.inheritedMethodInvocation.color = 205,246,104
[2025-12-04 12:19:12] Performing Preference /instance/org.eclipse.jdt.ui/semanticHighlighting.inheritedMethodInvocation.enabled = true
[2025-12-04 12:19:12] Performing Preference /instance/org.eclipse.jdt.ui/semanticHighlighting.interface.color = 128,242,246
[2025-12-04 12:19:12] Performing Preference /instance/org.eclipse.jdt.ui/semanticHighlighting.interface.enabled = true
[2025-12-04 12:19:12] Performing Preference /instance/org.eclipse.jdt.ui/semanticHighlighting.localVariable.color = 243,236,121
[2025-12-04 12:19:12] Performing Preference /instance/org.eclipse.jdt.ui/semanticHighlighting.localVariableDeclaration.bold = false
[2025-12-04 12:19:12] Performing Preference /instance/org.eclipse.jdt.ui/semanticHighlighting.localVariableDeclaration.color = 242,242,0
[2025-12-04 12:19:12] Performing Preference /instance/org.eclipse.jdt.ui/semanticHighlighting.localVariableDeclaration.enabled = true
[2025-12-04 12:19:12] Performing Preference /instance/org.eclipse.jdt.ui/semanticHighlighting.method.color = 167,236,33
[2025-12-04 12:19:12] Performing Preference /instance/org.eclipse.jdt.ui/semanticHighlighting.method.enabled = true
[2025-12-04 12:19:12] Performing Preference /instance/org.eclipse.jdt.ui/semanticHighlighting.methodDeclarationName.bold = false
[2025-12-04 12:19:12] Performing Preference /instance/org.eclipse.jdt.ui/semanticHighlighting.methodDeclarationName.color = 30,181,64
[2025-12-04 12:19:12] Performing Preference /instance/org.eclipse.jdt.ui/semanticHighlighting.methodDeclarationName.enabled = true
[2025-12-04 12:19:12] Performing Preference /instance/org.eclipse.jdt.ui/semanticHighlighting.number.color = 104,151,187
[2025-12-04 12:19:12] Performing Preference /instance/org.eclipse.jdt.ui/semanticHighlighting.number.enabled = true
[2025-12-04 12:19:12] Performing Preference /instance/org.eclipse.jdt.ui/semanticHighlighting.parameterVariable.color = 121,171,255
[2025-12-04 12:19:12] Performing Preference /instance/org.eclipse.jdt.ui/semanticHighlighting.parameterVariable.enabled = true
[2025-12-04 12:19:12] Performing Preference /instance/org.eclipse.jdt.ui/semanticHighlighting.restrictedKeywords.bold = false
[2025-12-04 12:19:12] Performing Preference /instance/org.eclipse.jdt.ui/semanticHighlighting.restrictedKeywords.color = 204,108,29
[2025-12-04 12:19:12] Performing Preference /instance/org.eclipse.jdt.ui/semanticHighlighting.staticField.color = 141,218,248
[2025-12-04 12:19:12] Performing Preference /instance/org.eclipse.jdt.ui/semanticHighlighting.staticFinalField.color = 141,218,248
[2025-12-04 12:19:12] Performing Preference /instance/org.eclipse.jdt.ui/semanticHighlighting.staticMethodInvocation.color = 150,236,63
[2025-12-04 12:19:12] Performing Preference /instance/org.eclipse.jdt.ui/semanticHighlighting.typeArgument.color = 177,102,218
[2025-12-04 12:19:12] Performing Preference /instance/org.eclipse.jdt.ui/semanticHighlighting.typeArgument.enabled = true
[2025-12-04 12:19:12] Performing Preference /instance/org.eclipse.jdt.ui/semanticHighlighting.typeParameter.bold = false
[2025-12-04 12:19:12] Performing Preference /instance/org.eclipse.jdt.ui/semanticHighlighting.typeParameter.color = 191,164,164
[2025-12-04 12:19:12] Performing Preference /instance/org.eclipse.jdt.ui/semanticHighlighting.typeParameter.enabled = true
[2025-12-04 12:19:12] Performing Preference /instance/org.eclipse.jdt.ui/sourceHoverBackgroundColor = 68,68,68
[2025-12-04 12:19:12] Performing Preference /instance/org.eclipse.ui.editors/AbstractTextEditor.Color.Background = 47,47,47
[2025-12-04 12:19:12] Performing Preference /instance/org.eclipse.ui.editors/AbstractTextEditor.Color.Background.SystemDefault = false
[2025-12-04 12:19:12] Performing Preference /instance/org.eclipse.ui.editors/AbstractTextEditor.Color.FindScope = 30,120,155
[2025-12-04 12:19:12] Performing Preference /instance/org.eclipse.ui.editors/AbstractTextEditor.Color.Foreground = 204,204,204
[2025-12-04 12:19:12] Performing Preference /instance/org.eclipse.ui.editors/AbstractTextEditor.Color.Foreground.SystemDefault = false
[2025-12-04 12:19:12] Performing Preference /instance/org.eclipse.ui.editors/AbstractTextEditor.Color.SelectionBackground = 33,66,131
[2025-12-04 12:19:12] Performing Preference /instance/org.eclipse.ui.editors/AbstractTextEditor.Color.SelectionBackground.SystemDefault = false
[2025-12-04 12:19:12] Performing Preference /instance/org.eclipse.ui.editors/AbstractTextEditor.Color.SelectionForeground = 147,161,161
[2025-12-04 12:19:12] Performing Preference /instance/org.eclipse.ui.editors/AbstractTextEditor.Color.SelectionForeground.SystemDefault = false
[2025-12-04 12:19:12] Performing Preference /instance/org.eclipse.ui.editors/asOccurencesIndicationColor = 72,72,72
[2025-12-04 12:19:12] Performing Preference /instance/org.eclipse.ui.editors/breakpointIndicationColor = 51,119,193
[2025-12-04 12:19:12] Performing Preference /instance/org.eclipse.ui.editors/currentIPColor = 90,90,90
[2025-12-04 12:19:12] Performing Preference /instance/org.eclipse.ui.editors/currentLineColor = 55,55,55
[2025-12-04 12:19:12] Performing Preference /instance/org.eclipse.ui.editors/deletionIndicationColor = 224,226,228
[2025-12-04 12:19:12] Performing Preference /instance/org.eclipse.ui.editors/filteredSearchResultIndicationColor = 27,98,145
[2025-12-04 12:19:12] Performing Preference /instance/org.eclipse.ui.editors/fullcoverage_color = 6,74,6
[2025-12-04 12:19:12] Performing Preference /instance/org.eclipse.ui.editors/hyperlinkColor = 102,175,249
[2025-12-04 12:19:12] Performing Preference /instance/org.eclipse.ui.editors/hyperlinkColor.SystemDefault = false
[2025-12-04 12:19:12] Performing Preference /instance/org.eclipse.ui.editors/infoIndicationColor = 86,194,170
[2025-12-04 12:19:12] Performing Preference /instance/org.eclipse.ui.editors/lineNumberColor = 119,145,154
[2025-12-04 12:19:12] Performing Preference /instance/org.eclipse.ui.editors/linked.slave.color = 66,156,255
[2025-12-04 12:19:12] Performing Preference /instance/org.eclipse.ui.editors/LSP4EReadOccurrenceIndicationColor = 27,98,145
[2025-12-04 12:19:13] Performing Preference /instance/org.eclipse.ui.editors/LSP4ETextOccurrenceIndicationColor = 27,98,145
[2025-12-04 12:19:13] Performing Preference /instance/org.eclipse.ui.editors/LSP4EWriteOccurrenceIndicationColor = 27,98,145
[2025-12-04 12:19:13] Performing Preference /instance/org.eclipse.ui.editors/matchingTagIndicationColor = 72,72,72
[2025-12-04 12:19:13] Performing Preference /instance/org.eclipse.ui.editors/nocoverage_color = 98,5,5
[2025-12-04 12:19:13] Performing Preference /instance/org.eclipse.ui.editors/occurrenceIndicationColor = 27,98,145
[2025-12-04 12:19:13] Performing Preference /instance/org.eclipse.ui.editors/overriddenByCSS = ,fullcoverage_color,partialcoverage_color,nocoverage_color,TextOccurrenceIndicationColor,LSP4EReadOccurrenceIndicationColor,LSP4EWriteOccurrenceIndicationColor,LSP4ETextOccurrenceIndicationColor,TM4EMatchingPairColor,AbstractTextEditor.Color.Background.SystemDefault,AbstractTextEditor.Color.SelectionForeground.SystemDefault,AbstractTextEditor.Color.SelectionBackground.SystemDefault,AbstractTextEditor.Color.Background,AbstractTextEditor.Color.Foreground.SystemDefault,AbstractTextEditor.Color.SelectionBackground,AbstractTextEditor.Color.SelectionForeground,AbstractTextEditor.Color.Foreground,AbstractTextEditor.Color.FindScope,asOccurencesIndicationColor,breakpointIndicationColor,currentIPColor,currentLineColor,deletionIndicationColor,filteredSearchResultIndicationColor,hyperlinkColor,hyperlinkColor.SystemDefault,infoIndicationColor,lineNumberColor,linked.slave.color,matchingTagIndicationColor,occurrenceIndicationColor,overrideIndicatorColor,printMarginColor,searchResultHighlighting,searchResultIndication,searchResultIndicationColor,searchResultTextStyle,secondaryIPColor,spellingIndicationColor,writeOccurrenceIndicationColor,
[2025-12-04 12:19:13] Performing Preference /instance/org.eclipse.ui.editors/overrideIndicatorColor = 78,120,117
[2025-12-04 12:19:13] Performing Preference /instance/org.eclipse.ui.editors/partialcoverage_color = 98,98,0
[2025-12-04 12:19:13] Performing Preference /instance/org.eclipse.ui.editors/printMarginColor = 81,86,88
[2025-12-04 12:19:13] Performing Preference /instance/org.eclipse.ui.editors/searchResultHighlighting = false
[2025-12-04 12:19:13] Performing Preference /instance/org.eclipse.ui.editors/searchResultIndication = true
[2025-12-04 12:19:13] Performing Preference /instance/org.eclipse.ui.editors/searchResultIndicationColor = 94,94,94
[2025-12-04 12:19:13] Performing Preference /instance/org.eclipse.ui.editors/searchResultTextStyle = BOX
[2025-12-04 12:19:13] Performing Preference /instance/org.eclipse.ui.editors/secondaryIPColor = 90,90,90
[2025-12-04 12:19:13] Performing Preference /instance/org.eclipse.ui.editors/spellingIndicationColor = 253,170,211
[2025-12-04 12:19:13] Performing Preference /instance/org.eclipse.ui.editors/TextOccurrenceIndicationColor = 27, 98, 145
[2025-12-04 12:19:13] Performing Preference /instance/org.eclipse.ui.editors/TM4EMatchingPairColor = 27,98,145
[2025-12-04 12:19:13] Performing Preference /instance/org.eclipse.ui.editors/writeOccurrenceIndicationColor = 27,98,145
[2025-12-04 12:19:13] Performing Preference /instance/org.eclipse.ui.workbench/ACTIVE_HYPERLINK_COLOR = 138,201,242
[2025-12-04 12:19:13] Performing Preference /instance/org.eclipse.ui.workbench/CONFLICTING_COLOR = 240,15,66
[2025-12-04 12:19:13] Performing Preference /instance/org.eclipse.ui.workbench/CONTENT_ASSIST_BACKGROUND_COLOR = 52,57,61
[2025-12-04 12:19:13] Performing Preference /instance/org.eclipse.ui.workbench/CONTENT_ASSIST_FOREGROUND_COLOR = 238,238,238
[2025-12-04 12:19:13] Performing Preference /instance/org.eclipse.ui.workbench/EDITION_COLOR = 238,238,238
[2025-12-04 12:19:13] Performing Preference /instance/org.eclipse.ui.workbench/ERROR_COLOR = 247,68,117
[2025-12-04 12:19:13] Performing Preference /instance/org.eclipse.ui.workbench/HYPERLINK_COLOR = 111,197,238
[2025-12-04 12:19:13] Performing Preference /instance/org.eclipse.ui.workbench/INCOMING_COLOR = 31,179,235
[2025-12-04 12:19:13] Performing Preference /instance/org.eclipse.ui.workbench/org.eclipse.egit.ui.CommitMessageCommentColor = 128,128,128
[2025-12-04 12:19:13] Performing Preference /instance/org.eclipse.ui.workbench/org.eclipse.egit.ui.DiffAddBackgroundColor = 11,121,90
[2025-12-04 12:19:13] Performing Preference /instance/org.eclipse.ui.workbench/org.eclipse.egit.ui.DiffAddForegroundColor = 216,254,245
[2025-12-04 12:19:13] Performing Preference /instance/org.eclipse.ui.workbench/org.eclipse.egit.ui.DiffHeadlineBackgroundColor = 71,71,71
[2025-12-04 12:19:13] Performing Preference /instance/org.eclipse.ui.workbench/org.eclipse.egit.ui.DiffHeadlineForegroundColor = 242,242,242
[2025-12-04 12:19:13] Performing Preference /instance/org.eclipse.ui.workbench/org.eclipse.egit.ui.DiffHunkBackgroundColor = 53,97,113
[2025-12-04 12:19:13] Performing Preference /instance/org.eclipse.ui.workbench/org.eclipse.egit.ui.DiffHunkForegroundColor = 233,242,254
[2025-12-04 12:19:13] Performing Preference /instance/org.eclipse.ui.workbench/org.eclipse.egit.ui.DiffRemoveBackgroundColor = 117,2,36
[2025-12-04 12:19:13] Performing Preference /instance/org.eclipse.ui.workbench/org.eclipse.egit.ui.DiffRemoveForegroundColor = 255,232,237
[2025-12-04 12:19:13] Performing Preference /instance/org.eclipse.ui.workbench/org.eclipse.egit.ui.IgnoredResourceBackgroundColor = 47,47,47
[2025-12-04 12:19:13] Performing Preference /instance/org.eclipse.ui.workbench/org.eclipse.egit.ui.IgnoredResourceForegroundColor = 120,120,120
[2025-12-04 12:19:13] Performing Preference /instance/org.eclipse.ui.workbench/org.eclipse.egit.ui.UncommittedChangeBackgroundColor = 47,47,47
[2025-12-04 12:19:13] Performing Preference /instance/org.eclipse.ui.workbench/org.eclipse.egit.ui.UncommittedChangeForegroundColor = 114,157,186
[2025-12-04 12:19:13] Performing Preference /instance/org.eclipse.ui.workbench/org.eclipse.jdt.ui.ColoredLabels.inherited = 143,143,191
[2025-12-04 12:19:13] Performing Preference /instance/org.eclipse.ui.workbench/org.eclipse.jdt.ui.ColoredLabels.writeaccess_highlight = 255,128,128
[2025-12-04 12:19:13] Performing Preference /instance/org.eclipse.ui.workbench/org.eclipse.jdt.ui.Javadoc.backgroundColor = 52,57,61
[2025-12-04 12:19:13] Performing Preference /instance/org.eclipse.ui.workbench/org.eclipse.jdt.ui.Javadoc.foregroundColor = 238,238,238
[2025-12-04 12:19:13] Performing Preference /instance/org.eclipse.ui.workbench/org.eclipse.jface.REVISION_NEWEST_COLOR = 75,44,3
[2025-12-04 12:19:13] Performing Preference /instance/org.eclipse.ui.workbench/org.eclipse.jface.REVISION_OLDEST_COLOR = 154,113,61
[2025-12-04 12:19:13] Performing Preference /instance/org.eclipse.ui.workbench/org.eclipse.pde.genericeditor.extension.editor.color.attribute = 196,138,114
[2025-12-04 12:19:13] Performing Preference /instance/org.eclipse.ui.workbench/org.eclipse.pde.genericeditor.extension.editor.color.comment = 96,139,78
[2025-12-04 12:19:13] Performing Preference /instance/org.eclipse.ui.workbench/org.eclipse.pde.genericeditor.extension.editor.color.header = 128,128,128
[2025-12-04 12:19:13] Performing Preference /instance/org.eclipse.ui.workbench/org.eclipse.pde.genericeditor.extension.editor.color.quote = 118,200,244
[2025-12-04 12:19:13] Performing Preference /instance/org.eclipse.ui.workbench/org.eclipse.pde.genericeditor.extension.editor.color.tag = 86,156,214
[2025-12-04 12:19:13] Performing Preference /instance/org.eclipse.ui.workbench/org.eclipse.pde.genericeditor.extension.editor.color.text = 212,212,212
[2025-12-04 12:19:13] Performing Preference /instance/org.eclipse.ui.workbench/org.eclipse.search.ui.match.highlight = 206,92,0
[2025-12-04 12:19:13] Performing Preference /instance/org.eclipse.ui.workbench/org.eclipse.ui.editors.rangeIndicatorColor = 27,118,153
[2025-12-04 12:19:13] Performing Preference /instance/org.eclipse.ui.workbench/org.eclipse.ui.workbench.HOVER_BACKGROUND = 52,57,61
[2025-12-04 12:19:13] Performing Preference /instance/org.eclipse.ui.workbench/org.eclipse.ui.workbench.HOVER_FOREGROUND = 238,238,238
[2025-12-04 12:19:13] Performing Preference /instance/org.eclipse.ui.workbench/org.eclipse.ui.workbench.INFORMATION_BACKGROUND = 81,86,88
[2025-12-04 12:19:13] Performing Preference /instance/org.eclipse.ui.workbench/org.eclipse.ui.workbench.INFORMATION_FOREGROUND = 238,238,238
[2025-12-04 12:19:13] Performing Preference /instance/org.eclipse.ui.workbench/OUTGOING_COLOR = 238,238,238
[2025-12-04 12:19:13] Performing Preference /instance/org.eclipse.ui.workbench/overriddenByCSS = ,org.eclipse.jdt.ui.ColoredLabels.inherited,org.eclipse.jdt.ui.Javadoc.backgroundColor,org.eclipse.jdt.ui.Javadoc.foregroundColor,org.eclipse.jdt.ui.ColoredLabels.writeaccess_highlight,org.eclipse.egit.ui.CommitMessageCommentColor,org.eclipse.egit.ui.DiffAddBackgroundColor,org.eclipse.egit.ui.DiffAddForegroundColor,org.eclipse.egit.ui.DiffHeadlineBackgroundColor,org.eclipse.egit.ui.DiffHeadlineForegroundColor,org.eclipse.egit.ui.DiffHunkBackgroundColor,org.eclipse.egit.ui.DiffHunkForegroundColor,org.eclipse.egit.ui.DiffRemoveBackgroundColor,org.eclipse.egit.ui.DiffRemoveForegroundColor,org.eclipse.egit.ui.IgnoredResourceBackgroundColor,org.eclipse.egit.ui.IgnoredResourceForegroundColor,org.eclipse.egit.ui.UncommittedChangeBackgroundColor,org.eclipse.egit.ui.UncommittedChangeForegroundColor,org.eclipse.pde.genericeditor.extension.editor.color.tag,org.eclipse.pde.genericeditor.extension.editor.color.attribute,org.eclipse.pde.genericeditor.extension.editor.color.text,org.eclipse.pde.genericeditor.extension.editor.color.header,org.eclipse.pde.genericeditor.extension.editor.color.comment,org.eclipse.pde.genericeditor.extension.editor.color.quote,ACTIVE_HYPERLINK_COLOR,CONFLICTING_COLOR,CONTENT_ASSIST_BACKGROUND_COLOR,CONTENT_ASSIST_FOREGROUND_COLOR,org.eclipse.ui.workbench.INFORMATION_BACKGROUND,org.eclipse.ui.workbench.INFORMATION_FOREGROUND,org.eclipse.ui.workbench.HOVER_BACKGROUND,org.eclipse.ui.workbench.HOVER_FOREGROUND,ERROR_COLOR,HYPERLINK_COLOR,INCOMING_COLOR,OUTGOING_COLOR,RESOLVED_COLOR,EDITION_COLOR,org.eclipse.search.ui.match.highlight,org.eclipse.ui.editors.rangeIndicatorColor,org.eclipse.jface.REVISION_NEWEST_COLOR,org.eclipse.jface.REVISION_OLDEST_COLOR,
[2025-12-04 12:19:13] Performing Preference /instance/org.eclipse.ui.workbench/RESOLVED_COLOR = 108,210,17
[2025-12-04 12:19:13] Performing Preference /instance/org.eclipse.wst.sse.ui/content_assist_completion_replacement_background = 200,200,0
[2025-12-04 12:19:13] Performing Preference /instance/org.eclipse.wst.sse.ui/content_assist_completion_replacement_foreground = 200,0,0
[2025-12-04 12:19:13] Performing Preference /instance/org.eclipse.wst.sse.ui/content_assist_parameters_background = 52,57,61
[2025-12-04 12:19:13] Performing Preference /instance/org.eclipse.wst.sse.ui/content_assist_parameters_foreground = 238,238,238
[2025-12-04 12:19:13] Performing Preference /instance/org.eclipse.wst.sse.ui/content_assist_proposals_background = 52,57,61
[2025-12-04 12:19:13] Performing Preference /instance/org.eclipse.wst.sse.ui/content_assist_proposals_foreground = 238,238,238
[2025-12-04 12:19:13] Performing Preference /instance/org.eclipse.wst.sse.ui/overriddenByCSS = ,content_assist_completion_replacement_background,content_assist_completion_replacement_foreground,content_assist_parameters_background,content_assist_parameters_foreground,content_assist_proposals_background,content_assist_proposals_foreground,
[2025-12-04 12:19:13] 
[2025-12-04 12:25:27] Executing startup tasks
[2025-12-04 12:25:28] OpenJDK Runtime Environment 17.0.2+8
[2025-12-04 12:25:28] Product self.product.version
[2025-12-04 12:25:28] Workspace /Users/riccardoromanello/Desktop/Hide-after-valuetools/Git Valuetools/runtime-EclipseApplication
[2025-12-04 12:25:28] Bundle org.eclipse.oomph.setup 1.25.0.v20220903-1123, build=5632, branch=e5d50810299859e75a8731a209e2f3442e7a94f5
[2025-12-04 12:25:28] Bundle org.eclipse.oomph.setup.core 1.25.0.v20220822-1127, build=5632, branch=e5d50810299859e75a8731a209e2f3442e7a94f5
[2025-12-04 12:25:28] Bundle org.eclipse.oomph.setup.p2 1.19.0.v20220607-1104, build=5632, branch=e5d50810299859e75a8731a209e2f3442e7a94f5
[2025-12-04 12:25:28] Performing Preference /instance/org.eclipse.debug.ui/org.eclipse.debug.ui.changedDebugElement = 255,128,128
[2025-12-04 12:25:28] Performing Preference /instance/org.eclipse.debug.ui/org.eclipse.debug.ui.consoleBackground = 53,53,53
[2025-12-04 12:25:28] Performing Preference /instance/org.eclipse.debug.ui/org.eclipse.debug.ui.errorColor = 225,30,70
[2025-12-04 12:25:28] Performing Preference /instance/org.eclipse.debug.ui/org.eclipse.debug.ui.inColor = 140,175,210
[2025-12-04 12:25:28] Performing Preference /instance/org.eclipse.debug.ui/org.eclipse.debug.ui.MemoryHistoryKnownColor = 235,235,235
[2025-12-04 12:25:28] Performing Preference /instance/org.eclipse.debug.ui/org.eclipse.debug.ui.MemoryHistoryUnknownColor = 170,175,185
[2025-12-04 12:25:28] Performing Preference /instance/org.eclipse.debug.ui/org.eclipse.debug.ui.outColor = 235,235,235
[2025-12-04 12:25:28] Performing Preference /instance/org.eclipse.debug.ui/org.eclipse.debug.ui.PREF_CHANGED_VALUE_BACKGROUND = 150,80,115
[2025-12-04 12:25:28] Performing Preference /instance/org.eclipse.debug.ui/overriddenByCSS = ,org.eclipse.debug.ui.MemoryHistoryKnownColor,org.eclipse.debug.ui.MemoryHistoryUnknownColor,org.eclipse.debug.ui.PREF_CHANGED_VALUE_BACKGROUND,org.eclipse.debug.ui.changedDebugElement,org.eclipse.debug.ui.consoleBackground,org.eclipse.debug.ui.errorColor,org.eclipse.debug.ui.inColor,org.eclipse.debug.ui.outColor,
[2025-12-04 12:25:28] Performing Preference /instance/org.eclipse.jdt.ui/content_assist_completion_replacement_background = 200,200,0
[2025-12-04 12:25:28] Performing Preference /instance/org.eclipse.jdt.ui/content_assist_completion_replacement_foreground = 200,0,0
[2025-12-04 12:25:28] Performing Preference /instance/org.eclipse.jdt.ui/content_assist_parameters_background = 52,57,61
[2025-12-04 12:25:28] Performing Preference /instance/org.eclipse.jdt.ui/content_assist_parameters_foreground = 238,238,238
[2025-12-04 12:25:28] Performing Preference /instance/org.eclipse.jdt.ui/java_bracket = 249,250,244
[2025-12-04 12:25:28] Performing Preference /instance/org.eclipse.jdt.ui/java_comment_task_tag = 154,140,124
[2025-12-04 12:25:28] Performing Preference /instance/org.eclipse.jdt.ui/java_default = 217,232,247
[2025-12-04 12:25:28] Performing Preference /instance/org.eclipse.jdt.ui/java_doc_default = 128,128,128
[2025-12-04 12:25:28] Performing Preference /instance/org.eclipse.jdt.ui/java_doc_keyword = 154,140,124
[2025-12-04 12:25:28] Performing Preference /instance/org.eclipse.jdt.ui/java_doc_link = 169,156,140
[2025-12-04 12:25:28] Performing Preference /instance/org.eclipse.jdt.ui/java_doc_tag = 30,120,155
[2025-12-04 12:25:28] Performing Preference /instance/org.eclipse.jdt.ui/java_keyword = 204,108,29
[2025-12-04 12:25:28] Performing Preference /instance/org.eclipse.jdt.ui/java_keyword_bold = false
[2025-12-04 12:25:28] Performing Preference /instance/org.eclipse.jdt.ui/java_keyword_return = 204,108,29
[2025-12-04 12:25:28] Performing Preference /instance/org.eclipse.jdt.ui/java_keyword_return_bold = false
[2025-12-04 12:25:28] Performing Preference /instance/org.eclipse.jdt.ui/java_multi_line_comment = 128,128,128
[2025-12-04 12:25:28] Performing Preference /instance/org.eclipse.jdt.ui/java_operator = 230,230,250
[2025-12-04 12:25:28] Performing Preference /instance/org.eclipse.jdt.ui/java_single_line_comment = 128,128,128
[2025-12-04 12:25:28] Performing Preference /instance/org.eclipse.jdt.ui/java_string = 23,198,163
[2025-12-04 12:25:28] Performing Preference /instance/org.eclipse.jdt.ui/matchingBracketsColor = 249,250,244
[2025-12-04 12:25:28] Performing Preference /instance/org.eclipse.jdt.ui/overriddenByCSS = ,content_assist_completion_replacement_background,content_assist_completion_replacement_foreground,content_assist_parameters_background,content_assist_parameters_foreground,content_assist_proposals_background,content_assist_proposals_foreground,java_bracket,java_comment_task_tag,java_default,java_doc_default,java_doc_keyword,java_doc_link,java_doc_tag,java_keyword,java_keyword_bold,java_keyword_return,java_keyword_return_bold,java_multi_line_comment,java_operator,java_single_line_comment,java_string,matchingBracketsColor,pf_coloring_argument,pf_coloring_assignment,pf_coloring_comment,pf_coloring_key,pf_coloring_value,semanticHighlighting.abstractClass.color,semanticHighlighting.abstractClass.enabled,semanticHighlighting.abstractMethodInvocation.color,semanticHighlighting.abstractMethodInvocation.enabled,semanticHighlighting.annotation.color,semanticHighlighting.annotation.enabled,semanticHighlighting.annotation.italic,semanticHighlighting.annotationElementReference.color,semanticHighlighting.annotationElementReference.enabled,semanticHighlighting.class.color,semanticHighlighting.class.enabled,semanticHighlighting.deprecatedMember.color,semanticHighlighting.deprecatedMember.enabled,semanticHighlighting.deprecatedMember.underline,semanticHighlighting.deprecatedMember.strikethrough,semanticHighlighting.enum.color,semanticHighlighting.enum.enabled,semanticHighlighting.enum.italic,semanticHighlighting.field.color,semanticHighlighting.field.enabled,semanticHighlighting.inheritedField.color,semanticHighlighting.inheritedMethodInvocation.color,semanticHighlighting.inheritedMethodInvocation.enabled,semanticHighlighting.interface.color,semanticHighlighting.interface.enabled,semanticHighlighting.localVariable.color,semanticHighlighting.localVariable.enabled,semanticHighlighting.localVariableDeclaration.color,semanticHighlighting.localVariableDeclaration.enabled,semanticHighlighting.localVariableDeclaration.bold,semanticHighlighting.method.color,semanticHighlighting.method.enabled,semanticHighlighting.methodDeclarationName.color,semanticHighlighting.methodDeclarationName.enabled,semanticHighlighting.methodDeclarationName.bold,semanticHighlighting.number.color,semanticHighlighting.number.enabled,semanticHighlighting.parameterVariable.color,semanticHighlighting.parameterVariable.enabled,semanticHighlighting.staticField.color,semanticHighlighting.staticField.enabled,semanticHighlighting.staticFinalField.color,semanticHighlighting.staticFinalField.enabled,semanticHighlighting.staticMethodInvocation.color,semanticHighlighting.staticMethodInvocation.enabled,semanticHighlighting.typeArgument.color,semanticHighlighting.typeArgument.enabled,semanticHighlighting.typeParameter.color,semanticHighlighting.typeParameter.enabled,semanticHighlighting.typeParameter.bold,semanticHighlighting.restrictedKeywords.color,semanticHighlighting.restrictedKeywords.bold,sourceHoverBackgroundColor,
[2025-12-04 12:25:28] Performing Preference /instance/org.eclipse.jdt.ui/pf_coloring_argument = 221,40,103
[2025-12-04 12:25:28] Performing Preference /instance/org.eclipse.jdt.ui/pf_coloring_assignment = 217,232,247
[2025-12-04 12:25:28] Performing Preference /instance/org.eclipse.jdt.ui/pf_coloring_comment = 128,128,128
[2025-12-04 12:25:28] Performing Preference /instance/org.eclipse.jdt.ui/pf_coloring_key = 217,232,247
[2025-12-04 12:25:28] Performing Preference /instance/org.eclipse.jdt.ui/pf_coloring_value = 23,198,163
[2025-12-04 12:25:28] Performing Preference /instance/org.eclipse.jdt.ui/semanticHighlighting.abstractClass.color = 62,171,230
[2025-12-04 12:25:28] Performing Preference /instance/org.eclipse.jdt.ui/semanticHighlighting.abstractClass.enabled = true
[2025-12-04 12:25:28] Performing Preference /instance/org.eclipse.jdt.ui/semanticHighlighting.abstractMethodInvocation.color = 128,246,167
[2025-12-04 12:25:28] Performing Preference /instance/org.eclipse.jdt.ui/semanticHighlighting.abstractMethodInvocation.enabled = true
[2025-12-04 12:25:28] Performing Preference /instance/org.eclipse.jdt.ui/semanticHighlighting.annotation.color = 160,160,160
[2025-12-04 12:25:28] Performing Preference /instance/org.eclipse.jdt.ui/semanticHighlighting.annotation.italic = true
[2025-12-04 12:25:28] Performing Preference /instance/org.eclipse.jdt.ui/semanticHighlighting.annotationElementReference.color = 235,75,100
[2025-12-04 12:25:28] Performing Preference /instance/org.eclipse.jdt.ui/semanticHighlighting.annotationElementReference.enabled = true
[2025-12-04 12:25:28] Performing Preference /instance/org.eclipse.jdt.ui/semanticHighlighting.class.color = 18,144,195
[2025-12-04 12:25:28] Performing Preference /instance/org.eclipse.jdt.ui/semanticHighlighting.class.enabled = true
[2025-12-04 12:25:28] Performing Preference /instance/org.eclipse.jdt.ui/semanticHighlighting.deprecatedMember.color = 128,128,128
[2025-12-04 12:25:28] Performing Preference /instance/org.eclipse.jdt.ui/semanticHighlighting.enum.color = 204,129,186
[2025-12-04 12:25:28] Performing Preference /instance/org.eclipse.jdt.ui/semanticHighlighting.enum.enabled = true
[2025-12-04 12:25:28] Performing Preference /instance/org.eclipse.jdt.ui/semanticHighlighting.enum.italic = true
[2025-12-04 12:25:28] Performing Preference /instance/org.eclipse.jdt.ui/semanticHighlighting.field.color = 102,225,248
[2025-12-04 12:25:28] Performing Preference /instance/org.eclipse.jdt.ui/semanticHighlighting.inheritedField.color = 143,143,191
[2025-12-04 12:25:28] Performing Preference /instance/org.eclipse.jdt.ui/semanticHighlighting.inheritedMethodInvocation.color = 205,246,104
[2025-12-04 12:25:28] Performing Preference /instance/org.eclipse.jdt.ui/semanticHighlighting.inheritedMethodInvocation.enabled = true
[2025-12-04 12:25:28] Performing Preference /instance/org.eclipse.jdt.ui/semanticHighlighting.interface.color = 128,242,246
[2025-12-04 12:25:28] Performing Preference /instance/org.eclipse.jdt.ui/semanticHighlighting.interface.enabled = true
[2025-12-04 12:25:28] Performing Preference /instance/org.eclipse.jdt.ui/semanticHighlighting.localVariable.color = 243,236,121
[2025-12-04 12:25:28] Performing Preference /instance/org.eclipse.jdt.ui/semanticHighlighting.localVariableDeclaration.bold = false
[2025-12-04 12:25:28] Performing Preference /instance/org.eclipse.jdt.ui/semanticHighlighting.localVariableDeclaration.color = 242,242,0
[2025-12-04 12:25:28] Performing Preference /instance/org.eclipse.jdt.ui/semanticHighlighting.localVariableDeclaration.enabled = true
[2025-12-04 12:25:28] Performing Preference /instance/org.eclipse.jdt.ui/semanticHighlighting.method.color = 167,236,33
[2025-12-04 12:25:28] Performing Preference /instance/org.eclipse.jdt.ui/semanticHighlighting.method.enabled = true
[2025-12-04 12:25:28] Performing Preference /instance/org.eclipse.jdt.ui/semanticHighlighting.methodDeclarationName.bold = false
[2025-12-04 12:25:28] Performing Preference /instance/org.eclipse.jdt.ui/semanticHighlighting.methodDeclarationName.color = 30,181,64
[2025-12-04 12:25:28] Performing Preference /instance/org.eclipse.jdt.ui/semanticHighlighting.methodDeclarationName.enabled = true
[2025-12-04 12:25:28] Performing Preference /instance/org.eclipse.jdt.ui/semanticHighlighting.number.color = 104,151,187
[2025-12-04 12:25:28] Performing Preference /instance/org.eclipse.jdt.ui/semanticHighlighting.number.enabled = true
[2025-12-04 12:25:28] Performing Preference /instance/org.eclipse.jdt.ui/semanticHighlighting.parameterVariable.color = 121,171,255
[2025-12-04 12:25:28] Performing Preference /instance/org.eclipse.jdt.ui/semanticHighlighting.parameterVariable.enabled = true
[2025-12-04 12:25:28] Performing Preference /instance/org.eclipse.jdt.ui/semanticHighlighting.restrictedKeywords.bold = false
[2025-12-04 12:25:28] Performing Preference /instance/org.eclipse.jdt.ui/semanticHighlighting.restrictedKeywords.color = 204,108,29
[2025-12-04 12:25:28] Performing Preference /instance/org.eclipse.jdt.ui/semanticHighlighting.staticField.color = 141,218,248
[2025-12-04 12:25:28] Performing Preference /instance/org.eclipse.jdt.ui/semanticHighlighting.staticFinalField.color = 141,218,248
[2025-12-04 12:25:28] Performing Preference /instance/org.eclipse.jdt.ui/semanticHighlighting.staticMethodInvocation.color = 150,236,63
[2025-12-04 12:25:28] Performing Preference /instance/org.eclipse.jdt.ui/semanticHighlighting.typeArgument.color = 177,102,218
[2025-12-04 12:25:28] Performing Preference /instance/org.eclipse.jdt.ui/semanticHighlighting.typeArgument.enabled = true
[2025-12-04 12:25:28] Performing Preference /instance/org.eclipse.jdt.ui/semanticHighlighting.typeParameter.bold = false
[2025-12-04 12:25:29] Performing Preference /instance/org.eclipse.jdt.ui/semanticHighlighting.typeParameter.color = 191,164,164
[2025-12-04 12:25:29] Performing Preference /instance/org.eclipse.jdt.ui/semanticHighlighting.typeParameter.enabled = true
[2025-12-04 12:25:29] Performing Preference /instance/org.eclipse.jdt.ui/sourceHoverBackgroundColor = 68,68,68
[2025-12-04 12:25:29] Performing Preference /instance/org.eclipse.ui.editors/AbstractTextEditor.Color.Background = 47,47,47
[2025-12-04 12:25:29] Performing Preference /instance/org.eclipse.ui.editors/AbstractTextEditor.Color.Background.SystemDefault = false
[2025-12-04 12:25:29] Performing Preference /instance/org.eclipse.ui.editors/AbstractTextEditor.Color.FindScope = 30,120,155
[2025-12-04 12:25:29] Performing Preference /instance/org.eclipse.ui.editors/AbstractTextEditor.Color.Foreground = 204,204,204
[2025-12-04 12:25:29] Performing Preference /instance/org.eclipse.ui.editors/AbstractTextEditor.Color.Foreground.SystemDefault = false
[2025-12-04 12:25:29] Performing Preference /instance/org.eclipse.ui.editors/AbstractTextEditor.Color.SelectionBackground = 33,66,131
[2025-12-04 12:25:29] Performing Preference /instance/org.eclipse.ui.editors/AbstractTextEditor.Color.SelectionBackground.SystemDefault = false
[2025-12-04 12:25:29] Performing Preference /instance/org.eclipse.ui.editors/AbstractTextEditor.Color.SelectionForeground = 147,161,161
[2025-12-04 12:25:29] Performing Preference /instance/org.eclipse.ui.editors/AbstractTextEditor.Color.SelectionForeground.SystemDefault = false
[2025-12-04 12:25:29] Performing Preference /instance/org.eclipse.ui.editors/asOccurencesIndicationColor = 72,72,72
[2025-12-04 12:25:29] Performing Preference /instance/org.eclipse.ui.editors/breakpointIndicationColor = 51,119,193
[2025-12-04 12:25:29] Performing Preference /instance/org.eclipse.ui.editors/currentIPColor = 90,90,90
[2025-12-04 12:25:29] Performing Preference /instance/org.eclipse.ui.editors/currentLineColor = 55,55,55
[2025-12-04 12:25:29] Performing Preference /instance/org.eclipse.ui.editors/deletionIndicationColor = 224,226,228
[2025-12-04 12:25:29] Performing Preference /instance/org.eclipse.ui.editors/filteredSearchResultIndicationColor = 27,98,145
[2025-12-04 12:25:29] Performing Preference /instance/org.eclipse.ui.editors/fullcoverage_color = 6,74,6
[2025-12-04 12:25:29] Performing Preference /instance/org.eclipse.ui.editors/hyperlinkColor = 102,175,249
[2025-12-04 12:25:29] Performing Preference /instance/org.eclipse.ui.editors/hyperlinkColor.SystemDefault = false
[2025-12-04 12:25:29] Performing Preference /instance/org.eclipse.ui.editors/infoIndicationColor = 86,194,170
[2025-12-04 12:25:29] Performing Preference /instance/org.eclipse.ui.editors/lineNumberColor = 119,145,154
[2025-12-04 12:25:29] Performing Preference /instance/org.eclipse.ui.editors/linked.slave.color = 66,156,255
[2025-12-04 12:25:29] Performing Preference /instance/org.eclipse.ui.editors/LSP4EReadOccurrenceIndicationColor = 27,98,145
[2025-12-04 12:25:29] Performing Preference /instance/org.eclipse.ui.editors/LSP4ETextOccurrenceIndicationColor = 27,98,145
[2025-12-04 12:25:29] Performing Preference /instance/org.eclipse.ui.editors/LSP4EWriteOccurrenceIndicationColor = 27,98,145
[2025-12-04 12:25:29] Performing Preference /instance/org.eclipse.ui.editors/matchingTagIndicationColor = 72,72,72
[2025-12-04 12:25:29] Performing Preference /instance/org.eclipse.ui.editors/nocoverage_color = 98,5,5
[2025-12-04 12:25:29] Performing Preference /instance/org.eclipse.ui.editors/occurrenceIndicationColor = 27,98,145
[2025-12-04 12:25:29] Performing Preference /instance/org.eclipse.ui.editors/overriddenByCSS = ,fullcoverage_color,partialcoverage_color,nocoverage_color,TextOccurrenceIndicationColor,LSP4EReadOccurrenceIndicationColor,LSP4EWriteOccurrenceIndicationColor,LSP4ETextOccurrenceIndicationColor,TM4EMatchingPairColor,AbstractTextEditor.Color.Background.SystemDefault,AbstractTextEditor.Color.SelectionForeground.SystemDefault,AbstractTextEditor.Color.SelectionBackground.SystemDefault,AbstractTextEditor.Color.Background,AbstractTextEditor.Color.Foreground.SystemDefault,AbstractTextEditor.Color.SelectionBackground,AbstractTextEditor.Color.SelectionForeground,AbstractTextEditor.Color.Foreground,AbstractTextEditor.Color.FindScope,asOccurencesIndicationColor,breakpointIndicationColor,currentIPColor,currentLineColor,deletionIndicationColor,filteredSearchResultIndicationColor,hyperlinkColor,hyperlinkColor.SystemDefault,infoIndicationColor,lineNumberColor,linked.slave.color,matchingTagIndicationColor,occurrenceIndicationColor,overrideIndicatorColor,printMarginColor,searchResultHighlighting,searchResultIndication,searchResultIndicationColor,searchResultTextStyle,secondaryIPColor,spellingIndicationColor,writeOccurrenceIndicationColor,
[2025-12-04 12:25:29] Performing Preference /instance/org.eclipse.ui.editors/overrideIndicatorColor = 78,120,117
[2025-12-04 12:25:29] Performing Preference /instance/org.eclipse.ui.editors/partialcoverage_color = 98,98,0
[2025-12-04 12:25:29] Performing Preference /instance/org.eclipse.ui.editors/printMarginColor = 81,86,88
[2025-12-04 12:25:29] Performing Preference /instance/org.eclipse.ui.editors/searchResultHighlighting = false
[2025-12-04 12:25:29] Performing Preference /instance/org.eclipse.ui.editors/searchResultIndication = true
[2025-12-04 12:25:29] Performing Preference /instance/org.eclipse.ui.editors/searchResultIndicationColor = 94,94,94
[2025-12-04 12:25:29] Performing Preference /instance/org.eclipse.ui.editors/searchResultTextStyle = BOX
[2025-12-04 12:25:29] Performing Preference /instance/org.eclipse.ui.editors/secondaryIPColor = 90,90,90
[2025-12-04 12:25:29] Performing Preference /instance/org.eclipse.ui.editors/spellingIndicationColor = 253,170,211
[2025-12-04 12:25:29] Performing Preference /instance/org.eclipse.ui.editors/TextOccurrenceIndicationColor = 27, 98, 145
[2025-12-04 12:25:29] Performing Preference /instance/org.eclipse.ui.editors/TM4EMatchingPairColor = 27,98,145
[2025-12-04 12:25:29] Performing Preference /instance/org.eclipse.ui.editors/writeOccurrenceIndicationColor = 27,98,145
[2025-12-04 12:25:29] Performing Preference /instance/org.eclipse.ui.workbench/ACTIVE_HYPERLINK_COLOR = 138,201,242
[2025-12-04 12:25:29] Performing Preference /instance/org.eclipse.ui.workbench/CONFLICTING_COLOR = 240,15,66
[2025-12-04 12:25:29] Performing Preference /instance/org.eclipse.ui.workbench/CONTENT_ASSIST_BACKGROUND_COLOR = 52,57,61
[2025-12-04 12:25:29] Performing Preference /instance/org.eclipse.ui.workbench/CONTENT_ASSIST_FOREGROUND_COLOR = 238,238,238
[2025-12-04 12:25:29] Performing Preference /instance/org.eclipse.ui.workbench/EDITION_COLOR = 238,238,238
[2025-12-04 12:25:29] Performing Preference /instance/org.eclipse.ui.workbench/ERROR_COLOR = 247,68,117
[2025-12-04 12:25:29] Performing Preference /instance/org.eclipse.ui.workbench/HYPERLINK_COLOR = 111,197,238
[2025-12-04 12:25:29] Performing Preference /instance/org.eclipse.ui.workbench/INCOMING_COLOR = 31,179,235
[2025-12-04 12:25:29] Performing Preference /instance/org.eclipse.ui.workbench/org.eclipse.egit.ui.CommitMessageCommentColor = 128,128,128
[2025-12-04 12:25:29] Performing Preference /instance/org.eclipse.ui.workbench/org.eclipse.egit.ui.DiffAddBackgroundColor = 11,121,90
[2025-12-04 12:25:29] Performing Preference /instance/org.eclipse.ui.workbench/org.eclipse.egit.ui.DiffAddForegroundColor = 216,254,245
[2025-12-04 12:25:29] Performing Preference /instance/org.eclipse.ui.workbench/org.eclipse.egit.ui.DiffHeadlineBackgroundColor = 71,71,71
[2025-12-04 12:25:29] Performing Preference /instance/org.eclipse.ui.workbench/org.eclipse.egit.ui.DiffHeadlineForegroundColor = 242,242,242
[2025-12-04 12:25:29] Performing Preference /instance/org.eclipse.ui.workbench/org.eclipse.egit.ui.DiffHunkBackgroundColor = 53,97,113
[2025-12-04 12:25:29] Performing Preference /instance/org.eclipse.ui.workbench/org.eclipse.egit.ui.DiffHunkForegroundColor = 233,242,254
[2025-12-04 12:25:29] Performing Preference /instance/org.eclipse.ui.workbench/org.eclipse.egit.ui.DiffRemoveBackgroundColor = 117,2,36
[2025-12-04 12:25:29] Performing Preference /instance/org.eclipse.ui.workbench/org.eclipse.egit.ui.DiffRemoveForegroundColor = 255,232,237
[2025-12-04 12:25:29] Performing Preference /instance/org.eclipse.ui.workbench/org.eclipse.egit.ui.IgnoredResourceBackgroundColor = 47,47,47
[2025-12-04 12:25:29] Performing Preference /instance/org.eclipse.ui.workbench/org.eclipse.egit.ui.IgnoredResourceForegroundColor = 120,120,120
[2025-12-04 12:25:29] Performing Preference /instance/org.eclipse.ui.workbench/org.eclipse.egit.ui.UncommittedChangeBackgroundColor = 47,47,47
[2025-12-04 12:25:29] Performing Preference /instance/org.eclipse.ui.workbench/org.eclipse.egit.ui.UncommittedChangeForegroundColor = 114,157,186
[2025-12-04 12:25:29] Performing Preference /instance/org.eclipse.ui.workbench/org.eclipse.jdt.ui.ColoredLabels.inherited = 143,143,191
[2025-12-04 12:25:29] Performing Preference /instance/org.eclipse.ui.workbench/org.eclipse.jdt.ui.ColoredLabels.writeaccess_highlight = 255,128,128
[2025-12-04 12:25:29] Performing Preference /instance/org.eclipse.ui.workbench/org.eclipse.jdt.ui.Javadoc.backgroundColor = 52,57,61
[2025-12-04 12:25:29] Performing Preference /instance/org.eclipse.ui.workbench/org.eclipse.jdt.ui.Javadoc.foregroundColor = 238,238,238
[2025-12-04 12:25:29] Performing Preference /instance/org.eclipse.ui.workbench/org.eclipse.jface.REVISION_NEWEST_COLOR = 75,44,3
[2025-12-04 12:25:29] Performing Preference /instance/org.eclipse.ui.workbench/org.eclipse.jface.REVISION_OLDEST_COLOR = 154,113,61
[2025-12-04 12:25:29] Performing Preference /instance/org.eclipse.ui.workbench/org.eclipse.pde.genericeditor.extension.editor.color.attribute = 196,138,114
[2025-12-04 12:25:29] Performing Preference /instance/org.eclipse.ui.workbench/org.eclipse.pde.genericeditor.extension.editor.color.comment = 96,139,78
[2025-12-04 12:25:29] Performing Preference /instance/org.eclipse.ui.workbench/org.eclipse.pde.genericeditor.extension.editor.color.header = 128,128,128
[2025-12-04 12:25:29] Performing Preference /instance/org.eclipse.ui.workbench/org.eclipse.pde.genericeditor.extension.editor.color.quote = 118,200,244
[2025-12-04 12:25:29] Performing Preference /instance/org.eclipse.ui.workbench/org.eclipse.pde.genericeditor.extension.editor.color.tag = 86,156,214
[2025-12-04 12:25:29] Performing Preference /instance/org.eclipse.ui.workbench/org.eclipse.pde.genericeditor.extension.editor.color.text = 212,212,212
[2025-12-04 12:25:29] Performing Preference /instance/org.eclipse.ui.workbench/org.eclipse.search.ui.match.highlight = 206,92,0
[2025-12-04 12:25:29] Performing Preference /instance/org.eclipse.ui.workbench/org.eclipse.ui.editors.rangeIndicatorColor = 27,118,153
[2025-12-04 12:25:29] Performing Preference /instance/org.eclipse.ui.workbench/org.eclipse.ui.workbench.HOVER_BACKGROUND = 52,57,61
[2025-12-04 12:25:29] Performing Preference /instance/org.eclipse.ui.workbench/org.eclipse.ui.workbench.HOVER_FOREGROUND = 238,238,238
[2025-12-04 12:25:29] Performing Preference /instance/org.eclipse.ui.workbench/org.eclipse.ui.workbench.INFORMATION_BACKGROUND = 81,86,88
[2025-12-04 12:25:29] Performing Preference /instance/org.eclipse.ui.workbench/org.eclipse.ui.workbench.INFORMATION_FOREGROUND = 238,238,238
[2025-12-04 12:25:29] Performing Preference /instance/org.eclipse.ui.workbench/OUTGOING_COLOR = 238,238,238
[2025-12-04 12:25:30] Performing Preference /instance/org.eclipse.ui.workbench/overriddenByCSS = ,org.eclipse.jdt.ui.ColoredLabels.inherited,org.eclipse.jdt.ui.Javadoc.backgroundColor,org.eclipse.jdt.ui.Javadoc.foregroundColor,org.eclipse.jdt.ui.ColoredLabels.writeaccess_highlight,org.eclipse.egit.ui.CommitMessageCommentColor,org.eclipse.egit.ui.DiffAddBackgroundColor,org.eclipse.egit.ui.DiffAddForegroundColor,org.eclipse.egit.ui.DiffHeadlineBackgroundColor,org.eclipse.egit.ui.DiffHeadlineForegroundColor,org.eclipse.egit.ui.DiffHunkBackgroundColor,org.eclipse.egit.ui.DiffHunkForegroundColor,org.eclipse.egit.ui.DiffRemoveBackgroundColor,org.eclipse.egit.ui.DiffRemoveForegroundColor,org.eclipse.egit.ui.IgnoredResourceBackgroundColor,org.eclipse.egit.ui.IgnoredResourceForegroundColor,org.eclipse.egit.ui.UncommittedChangeBackgroundColor,org.eclipse.egit.ui.UncommittedChangeForegroundColor,org.eclipse.pde.genericeditor.extension.editor.color.tag,org.eclipse.pde.genericeditor.extension.editor.color.attribute,org.eclipse.pde.genericeditor.extension.editor.color.text,org.eclipse.pde.genericeditor.extension.editor.color.header,org.eclipse.pde.genericeditor.extension.editor.color.comment,org.eclipse.pde.genericeditor.extension.editor.color.quote,ACTIVE_HYPERLINK_COLOR,CONFLICTING_COLOR,CONTENT_ASSIST_BACKGROUND_COLOR,CONTENT_ASSIST_FOREGROUND_COLOR,org.eclipse.ui.workbench.INFORMATION_BACKGROUND,org.eclipse.ui.workbench.INFORMATION_FOREGROUND,org.eclipse.ui.workbench.HOVER_BACKGROUND,org.eclipse.ui.workbench.HOVER_FOREGROUND,ERROR_COLOR,HYPERLINK_COLOR,INCOMING_COLOR,OUTGOING_COLOR,RESOLVED_COLOR,EDITION_COLOR,org.eclipse.search.ui.match.highlight,org.eclipse.ui.editors.rangeIndicatorColor,org.eclipse.jface.REVISION_NEWEST_COLOR,org.eclipse.jface.REVISION_OLDEST_COLOR,
[2025-12-04 12:25:30] Performing Preference /instance/org.eclipse.ui.workbench/RESOLVED_COLOR = 108,210,17
[2025-12-04 12:25:30] Performing Preference /instance/org.eclipse.wst.sse.ui/content_assist_completion_replacement_background = 200,200,0
[2025-12-04 12:25:30] Performing Preference /instance/org.eclipse.wst.sse.ui/content_assist_completion_replacement_foreground = 200,0,0
[2025-12-04 12:25:30] Performing Preference /instance/org.eclipse.wst.sse.ui/content_assist_parameters_background = 52,57,61
[2025-12-04 12:25:30] Performing Preference /instance/org.eclipse.wst.sse.ui/content_assist_parameters_foreground = 238,238,238
[2025-12-04 12:25:30] Performing Preference /instance/org.eclipse.wst.sse.ui/content_assist_proposals_background = 52,57,61
[2025-12-04 12:25:30] Performing Preference /instance/org.eclipse.wst.sse.ui/content_assist_proposals_foreground = 238,238,238
[2025-12-04 12:25:30] Performing Preference /instance/org.eclipse.wst.sse.ui/overriddenByCSS = ,content_assist_completion_replacement_background,content_assist_completion_replacement_foreground,content_assist_parameters_background,content_assist_parameters_foreground,content_assist_proposals_background,content_assist_proposals_foreground,
[2025-12-04 12:25:30] 
[2025-12-04 12:26:38] Executing startup tasks
[2025-12-04 12:26:38] OpenJDK Runtime Environment 17.0.2+8
[2025-12-04 12:26:38] Product self.product.version
[2025-12-04 12:26:38] Workspace /Users/riccardoromanello/Desktop/Hide-after-valuetools/Git Valuetools/runtime-EclipseApplication
[2025-12-04 12:26:38] Bundle org.eclipse.oomph.setup 1.25.0.v20220903-1123, build=5632, branch=e5d50810299859e75a8731a209e2f3442e7a94f5
[2025-12-04 12:26:38] Bundle org.eclipse.oomph.setup.core 1.25.0.v20220822-1127, build=5632, branch=e5d50810299859e75a8731a209e2f3442e7a94f5
[2025-12-04 12:26:38] Bundle org.eclipse.oomph.setup.p2 1.19.0.v20220607-1104, build=5632, branch=e5d50810299859e75a8731a209e2f3442e7a94f5
[2025-12-04 12:26:38] Performing Preference /instance/org.eclipse.debug.ui/org.eclipse.debug.ui.changedDebugElement = 255,128,128
[2025-12-04 12:26:39] Performing Preference /instance/org.eclipse.debug.ui/org.eclipse.debug.ui.consoleBackground = 53,53,53
[2025-12-04 12:26:39] Performing Preference /instance/org.eclipse.debug.ui/org.eclipse.debug.ui.errorColor = 225,30,70
[2025-12-04 12:26:39] Performing Preference /instance/org.eclipse.debug.ui/org.eclipse.debug.ui.inColor = 140,175,210
[2025-12-04 12:26:39] Performing Preference /instance/org.eclipse.debug.ui/org.eclipse.debug.ui.MemoryHistoryKnownColor = 235,235,235
[2025-12-04 12:26:39] Performing Preference /instance/org.eclipse.debug.ui/org.eclipse.debug.ui.MemoryHistoryUnknownColor = 170,175,185
[2025-12-04 12:26:39] Performing Preference /instance/org.eclipse.debug.ui/org.eclipse.debug.ui.outColor = 235,235,235
[2025-12-04 12:26:39] Performing Preference /instance/org.eclipse.debug.ui/org.eclipse.debug.ui.PREF_CHANGED_VALUE_BACKGROUND = 150,80,115
[2025-12-04 12:26:39] Performing Preference /instance/org.eclipse.debug.ui/overriddenByCSS = ,org.eclipse.debug.ui.MemoryHistoryKnownColor,org.eclipse.debug.ui.MemoryHistoryUnknownColor,org.eclipse.debug.ui.PREF_CHANGED_VALUE_BACKGROUND,org.eclipse.debug.ui.changedDebugElement,org.eclipse.debug.ui.consoleBackground,org.eclipse.debug.ui.errorColor,org.eclipse.debug.ui.inColor,org.eclipse.debug.ui.outColor,
[2025-12-04 12:26:39] Performing Preference /instance/org.eclipse.jdt.ui/content_assist_completion_replacement_background = 200,200,0
[2025-12-04 12:26:39] Performing Preference /instance/org.eclipse.jdt.ui/content_assist_completion_replacement_foreground = 200,0,0
[2025-12-04 12:26:39] Performing Preference /instance/org.eclipse.jdt.ui/content_assist_parameters_background = 52,57,61
[2025-12-04 12:26:39] Performing Preference /instance/org.eclipse.jdt.ui/content_assist_parameters_foreground = 238,238,238
[2025-12-04 12:26:39] Performing Preference /instance/org.eclipse.jdt.ui/java_bracket = 249,250,244
[2025-12-04 12:26:39] Performing Preference /instance/org.eclipse.jdt.ui/java_comment_task_tag = 154,140,124
[2025-12-04 12:26:39] Performing Preference /instance/org.eclipse.jdt.ui/java_default = 217,232,247
[2025-12-04 12:26:39] Performing Preference /instance/org.eclipse.jdt.ui/java_doc_default = 128,128,128
[2025-12-04 12:26:39] Performing Preference /instance/org.eclipse.jdt.ui/java_doc_keyword = 154,140,124
[2025-12-04 12:26:39] Performing Preference /instance/org.eclipse.jdt.ui/java_doc_link = 169,156,140
[2025-12-04 12:26:39] Performing Preference /instance/org.eclipse.jdt.ui/java_doc_tag = 30,120,155
[2025-12-04 12:26:39] Performing Preference /instance/org.eclipse.jdt.ui/java_keyword = 204,108,29
[2025-12-04 12:26:39] Performing Preference /instance/org.eclipse.jdt.ui/java_keyword_bold = false
[2025-12-04 12:26:39] Performing Preference /instance/org.eclipse.jdt.ui/java_keyword_return = 204,108,29
[2025-12-04 12:26:39] Performing Preference /instance/org.eclipse.jdt.ui/java_keyword_return_bold = false
[2025-12-04 12:26:39] Performing Preference /instance/org.eclipse.jdt.ui/java_multi_line_comment = 128,128,128
[2025-12-04 12:26:39] Performing Preference /instance/org.eclipse.jdt.ui/java_operator = 230,230,250
[2025-12-04 12:26:39] Performing Preference /instance/org.eclipse.jdt.ui/java_single_line_comment = 128,128,128
[2025-12-04 12:26:39] Performing Preference /instance/org.eclipse.jdt.ui/java_string = 23,198,163
[2025-12-04 12:26:39] Performing Preference /instance/org.eclipse.jdt.ui/matchingBracketsColor = 249,250,244
[2025-12-04 12:26:39] Performing Preference /instance/org.eclipse.jdt.ui/overriddenByCSS = ,content_assist_completion_replacement_background,content_assist_completion_replacement_foreground,content_assist_parameters_background,content_assist_parameters_foreground,content_assist_proposals_background,content_assist_proposals_foreground,java_bracket,java_comment_task_tag,java_default,java_doc_default,java_doc_keyword,java_doc_link,java_doc_tag,java_keyword,java_keyword_bold,java_keyword_return,java_keyword_return_bold,java_multi_line_comment,java_operator,java_single_line_comment,java_string,matchingBracketsColor,pf_coloring_argument,pf_coloring_assignment,pf_coloring_comment,pf_coloring_key,pf_coloring_value,semanticHighlighting.abstractClass.color,semanticHighlighting.abstractClass.enabled,semanticHighlighting.abstractMethodInvocation.color,semanticHighlighting.abstractMethodInvocation.enabled,semanticHighlighting.annotation.color,semanticHighlighting.annotation.enabled,semanticHighlighting.annotation.italic,semanticHighlighting.annotationElementReference.color,semanticHighlighting.annotationElementReference.enabled,semanticHighlighting.class.color,semanticHighlighting.class.enabled,semanticHighlighting.deprecatedMember.color,semanticHighlighting.deprecatedMember.enabled,semanticHighlighting.deprecatedMember.underline,semanticHighlighting.deprecatedMember.strikethrough,semanticHighlighting.enum.color,semanticHighlighting.enum.enabled,semanticHighlighting.enum.italic,semanticHighlighting.field.color,semanticHighlighting.field.enabled,semanticHighlighting.inheritedField.color,semanticHighlighting.inheritedMethodInvocation.color,semanticHighlighting.inheritedMethodInvocation.enabled,semanticHighlighting.interface.color,semanticHighlighting.interface.enabled,semanticHighlighting.localVariable.color,semanticHighlighting.localVariable.enabled,semanticHighlighting.localVariableDeclaration.color,semanticHighlighting.localVariableDeclaration.enabled,semanticHighlighting.localVariableDeclaration.bold,semanticHighlighting.method.color,semanticHighlighting.method.enabled,semanticHighlighting.methodDeclarationName.color,semanticHighlighting.methodDeclarationName.enabled,semanticHighlighting.methodDeclarationName.bold,semanticHighlighting.number.color,semanticHighlighting.number.enabled,semanticHighlighting.parameterVariable.color,semanticHighlighting.parameterVariable.enabled,semanticHighlighting.staticField.color,semanticHighlighting.staticField.enabled,semanticHighlighting.staticFinalField.color,semanticHighlighting.staticFinalField.enabled,semanticHighlighting.staticMethodInvocation.color,semanticHighlighting.staticMethodInvocation.enabled,semanticHighlighting.typeArgument.color,semanticHighlighting.typeArgument.enabled,semanticHighlighting.typeParameter.color,semanticHighlighting.typeParameter.enabled,semanticHighlighting.typeParameter.bold,semanticHighlighting.restrictedKeywords.color,semanticHighlighting.restrictedKeywords.bold,sourceHoverBackgroundColor,
[2025-12-04 12:26:39] Performing Preference /instance/org.eclipse.jdt.ui/pf_coloring_argument = 221,40,103
[2025-12-04 12:26:39] Performing Preference /instance/org.eclipse.jdt.ui/pf_coloring_assignment = 217,232,247
[2025-12-04 12:26:39] Performing Preference /instance/org.eclipse.jdt.ui/pf_coloring_comment = 128,128,128
[2025-12-04 12:26:39] Performing Preference /instance/org.eclipse.jdt.ui/pf_coloring_key = 217,232,247
[2025-12-04 12:26:39] Performing Preference /instance/org.eclipse.jdt.ui/pf_coloring_value = 23,198,163
[2025-12-04 12:26:39] Performing Preference /instance/org.eclipse.jdt.ui/semanticHighlighting.abstractClass.color = 62,171,230
[2025-12-04 12:26:39] Performing Preference /instance/org.eclipse.jdt.ui/semanticHighlighting.abstractClass.enabled = true
[2025-12-04 12:26:39] Performing Preference /instance/org.eclipse.jdt.ui/semanticHighlighting.abstractMethodInvocation.color = 128,246,167
[2025-12-04 12:26:39] Performing Preference /instance/org.eclipse.jdt.ui/semanticHighlighting.abstractMethodInvocation.enabled = true
[2025-12-04 12:26:39] Performing Preference /instance/org.eclipse.jdt.ui/semanticHighlighting.annotation.color = 160,160,160
[2025-12-04 12:26:39] Performing Preference /instance/org.eclipse.jdt.ui/semanticHighlighting.annotation.italic = true
[2025-12-04 12:26:39] Performing Preference /instance/org.eclipse.jdt.ui/semanticHighlighting.annotationElementReference.color = 235,75,100
[2025-12-04 12:26:39] Performing Preference /instance/org.eclipse.jdt.ui/semanticHighlighting.annotationElementReference.enabled = true
[2025-12-04 12:26:39] Performing Preference /instance/org.eclipse.jdt.ui/semanticHighlighting.class.color = 18,144,195
[2025-12-04 12:26:39] Performing Preference /instance/org.eclipse.jdt.ui/semanticHighlighting.class.enabled = true
[2025-12-04 12:26:39] Performing Preference /instance/org.eclipse.jdt.ui/semanticHighlighting.deprecatedMember.color = 128,128,128
[2025-12-04 12:26:39] Performing Preference /instance/org.eclipse.jdt.ui/semanticHighlighting.enum.color = 204,129,186
[2025-12-04 12:26:39] Performing Preference /instance/org.eclipse.jdt.ui/semanticHighlighting.enum.enabled = true
[2025-12-04 12:26:39] Performing Preference /instance/org.eclipse.jdt.ui/semanticHighlighting.enum.italic = true
[2025-12-04 12:26:39] Performing Preference /instance/org.eclipse.jdt.ui/semanticHighlighting.field.color = 102,225,248
[2025-12-04 12:26:39] Performing Preference /instance/org.eclipse.jdt.ui/semanticHighlighting.inheritedField.color = 143,143,191
[2025-12-04 12:26:39] Performing Preference /instance/org.eclipse.jdt.ui/semanticHighlighting.inheritedMethodInvocation.color = 205,246,104
[2025-12-04 12:26:39] Performing Preference /instance/org.eclipse.jdt.ui/semanticHighlighting.inheritedMethodInvocation.enabled = true
[2025-12-04 12:26:39] Performing Preference /instance/org.eclipse.jdt.ui/semanticHighlighting.interface.color = 128,242,246
[2025-12-04 12:26:39] Performing Preference /instance/org.eclipse.jdt.ui/semanticHighlighting.interface.enabled = true
[2025-12-04 12:26:39] Performing Preference /instance/org.eclipse.jdt.ui/semanticHighlighting.localVariable.color = 243,236,121
[2025-12-04 12:26:39] Performing Preference /instance/org.eclipse.jdt.ui/semanticHighlighting.localVariableDeclaration.bold = false
[2025-12-04 12:26:39] Performing Preference /instance/org.eclipse.jdt.ui/semanticHighlighting.localVariableDeclaration.color = 242,242,0
[2025-12-04 12:26:39] Performing Preference /instance/org.eclipse.jdt.ui/semanticHighlighting.localVariableDeclaration.enabled = true
[2025-12-04 12:26:39] Performing Preference /instance/org.eclipse.jdt.ui/semanticHighlighting.method.color = 167,236,33
[2025-12-04 12:26:39] Performing Preference /instance/org.eclipse.jdt.ui/semanticHighlighting.method.enabled = true
[2025-12-04 12:26:39] Performing Preference /instance/org.eclipse.jdt.ui/semanticHighlighting.methodDeclarationName.bold = false
[2025-12-04 12:26:39] Performing Preference /instance/org.eclipse.jdt.ui/semanticHighlighting.methodDeclarationName.color = 30,181,64
[2025-12-04 12:26:39] Performing Preference /instance/org.eclipse.jdt.ui/semanticHighlighting.methodDeclarationName.enabled = true
[2025-12-04 12:26:39] Performing Preference /instance/org.eclipse.jdt.ui/semanticHighlighting.number.color = 104,151,187
[2025-12-04 12:26:39] Performing Preference /instance/org.eclipse.jdt.ui/semanticHighlighting.number.enabled = true
[2025-12-04 12:26:39] Performing Preference /instance/org.eclipse.jdt.ui/semanticHighlighting.parameterVariable.color = 121,171,255
[2025-12-04 12:26:39] Performing Preference /instance/org.eclipse.jdt.ui/semanticHighlighting.parameterVariable.enabled = true
[2025-12-04 12:26:39] Performing Preference /instance/org.eclipse.jdt.ui/semanticHighlighting.restrictedKeywords.bold = false
[2025-12-04 12:26:39] Performing Preference /instance/org.eclipse.jdt.ui/semanticHighlighting.restrictedKeywords.color = 204,108,29
[2025-12-04 12:26:39] Performing Preference /instance/org.eclipse.jdt.ui/semanticHighlighting.staticField.color = 141,218,248
[2025-12-04 12:26:39] Performing Preference /instance/org.eclipse.jdt.ui/semanticHighlighting.staticFinalField.color = 141,218,248
[2025-12-04 12:26:39] Performing Preference /instance/org.eclipse.jdt.ui/semanticHighlighting.staticMethodInvocation.color = 150,236,63
[2025-12-04 12:26:39] Performing Preference /instance/org.eclipse.jdt.ui/semanticHighlighting.typeArgument.color = 177,102,218
[2025-12-04 12:26:39] Performing Preference /instance/org.eclipse.jdt.ui/semanticHighlighting.typeArgument.enabled = true
[2025-12-04 12:26:39] Performing Preference /instance/org.eclipse.jdt.ui/semanticHighlighting.typeParameter.bold = false
[2025-12-04 12:26:39] Performing Preference /instance/org.eclipse.jdt.ui/semanticHighlighting.typeParameter.color = 191,164,164
[2025-12-04 12:26:39] Performing Preference /instance/org.eclipse.jdt.ui/semanticHighlighting.typeParameter.enabled = true
[2025-12-04 12:26:39] Performing Preference /instance/org.eclipse.jdt.ui/sourceHoverBackgroundColor = 68,68,68
[2025-12-04 12:26:39] Performing Preference /instance/org.eclipse.ui.editors/AbstractTextEditor.Color.Background = 47,47,47
[2025-12-04 12:26:39] Performing Preference /instance/org.eclipse.ui.editors/AbstractTextEditor.Color.Background.SystemDefault = false
[2025-12-04 12:26:39] Performing Preference /instance/org.eclipse.ui.editors/AbstractTextEditor.Color.FindScope = 30,120,155
[2025-12-04 12:26:39] Performing Preference /instance/org.eclipse.ui.editors/AbstractTextEditor.Color.Foreground = 204,204,204
[2025-12-04 12:26:39] Performing Preference /instance/org.eclipse.ui.editors/AbstractTextEditor.Color.Foreground.SystemDefault = false
[2025-12-04 12:26:39] Performing Preference /instance/org.eclipse.ui.editors/AbstractTextEditor.Color.SelectionBackground = 33,66,131
[2025-12-04 12:26:39] Performing Preference /instance/org.eclipse.ui.editors/AbstractTextEditor.Color.SelectionBackground.SystemDefault = false
[2025-12-04 12:26:39] Performing Preference /instance/org.eclipse.ui.editors/AbstractTextEditor.Color.SelectionForeground = 147,161,161
[2025-12-04 12:26:39] Performing Preference /instance/org.eclipse.ui.editors/AbstractTextEditor.Color.SelectionForeground.SystemDefault = false
[2025-12-04 12:26:39] Performing Preference /instance/org.eclipse.ui.editors/asOccurencesIndicationColor = 72,72,72
[2025-12-04 12:26:39] Performing Preference /instance/org.eclipse.ui.editors/breakpointIndicationColor = 51,119,193
[2025-12-04 12:26:39] Performing Preference /instance/org.eclipse.ui.editors/currentIPColor = 90,90,90
[2025-12-04 12:26:39] Performing Preference /instance/org.eclipse.ui.editors/currentLineColor = 55,55,55
[2025-12-04 12:26:40] Performing Preference /instance/org.eclipse.ui.editors/deletionIndicationColor = 224,226,228
[2025-12-04 12:26:40] Performing Preference /instance/org.eclipse.ui.editors/filteredSearchResultIndicationColor = 27,98,145
[2025-12-04 12:26:40] Performing Preference /instance/org.eclipse.ui.editors/fullcoverage_color = 6,74,6
[2025-12-04 12:26:40] Performing Preference /instance/org.eclipse.ui.editors/hyperlinkColor = 102,175,249
[2025-12-04 12:26:40] Performing Preference /instance/org.eclipse.ui.editors/hyperlinkColor.SystemDefault = false
[2025-12-04 12:26:40] Performing Preference /instance/org.eclipse.ui.editors/infoIndicationColor = 86,194,170
[2025-12-04 12:26:40] Performing Preference /instance/org.eclipse.ui.editors/lineNumberColor = 119,145,154
[2025-12-04 12:26:40] Performing Preference /instance/org.eclipse.ui.editors/linked.slave.color = 66,156,255
[2025-12-04 12:26:40] Performing Preference /instance/org.eclipse.ui.editors/LSP4EReadOccurrenceIndicationColor = 27,98,145
[2025-12-04 12:26:40] Performing Preference /instance/org.eclipse.ui.editors/LSP4ETextOccurrenceIndicationColor = 27,98,145
[2025-12-04 12:26:40] Performing Preference /instance/org.eclipse.ui.editors/LSP4EWriteOccurrenceIndicationColor = 27,98,145
[2025-12-04 12:26:40] Performing Preference /instance/org.eclipse.ui.editors/matchingTagIndicationColor = 72,72,72
[2025-12-04 12:26:40] Performing Preference /instance/org.eclipse.ui.editors/nocoverage_color = 98,5,5
[2025-12-04 12:26:40] Performing Preference /instance/org.eclipse.ui.editors/occurrenceIndicationColor = 27,98,145
[2025-12-04 12:26:40] Performing Preference /instance/org.eclipse.ui.editors/overriddenByCSS = ,fullcoverage_color,partialcoverage_color,nocoverage_color,TextOccurrenceIndicationColor,LSP4EReadOccurrenceIndicationColor,LSP4EWriteOccurrenceIndicationColor,LSP4ETextOccurrenceIndicationColor,TM4EMatchingPairColor,AbstractTextEditor.Color.Background.SystemDefault,AbstractTextEditor.Color.SelectionForeground.SystemDefault,AbstractTextEditor.Color.SelectionBackground.SystemDefault,AbstractTextEditor.Color.Background,AbstractTextEditor.Color.Foreground.SystemDefault,AbstractTextEditor.Color.SelectionBackground,AbstractTextEditor.Color.SelectionForeground,AbstractTextEditor.Color.Foreground,AbstractTextEditor.Color.FindScope,asOccurencesIndicationColor,breakpointIndicationColor,currentIPColor,currentLineColor,deletionIndicationColor,filteredSearchResultIndicationColor,hyperlinkColor,hyperlinkColor.SystemDefault,infoIndicationColor,lineNumberColor,linked.slave.color,matchingTagIndicationColor,occurrenceIndicationColor,overrideIndicatorColor,printMarginColor,searchResultHighlighting,searchResultIndication,searchResultIndicationColor,searchResultTextStyle,secondaryIPColor,spellingIndicationColor,writeOccurrenceIndicationColor,
[2025-12-04 12:26:40] Performing Preference /instance/org.eclipse.ui.editors/overrideIndicatorColor = 78,120,117
[2025-12-04 12:26:40] Performing Preference /instance/org.eclipse.ui.editors/partialcoverage_color = 98,98,0
[2025-12-04 12:26:40] Performing Preference /instance/org.eclipse.ui.editors/printMarginColor = 81,86,88
[2025-12-04 12:26:40] Performing Preference /instance/org.eclipse.ui.editors/searchResultHighlighting = false
[2025-12-04 12:26:40] Performing Preference /instance/org.eclipse.ui.editors/searchResultIndication = true
[2025-12-04 12:26:40] Performing Preference /instance/org.eclipse.ui.editors/searchResultIndicationColor = 94,94,94
[2025-12-04 12:26:40] Performing Preference /instance/org.eclipse.ui.editors/searchResultTextStyle = BOX
[2025-12-04 12:26:40] Performing Preference /instance/org.eclipse.ui.editors/secondaryIPColor = 90,90,90
[2025-12-04 12:26:40] Performing Preference /instance/org.eclipse.ui.editors/spellingIndicationColor = 253,170,211
[2025-12-04 12:26:40] Performing Preference /instance/org.eclipse.ui.editors/TextOccurrenceIndicationColor = 27, 98, 145
[2025-12-04 12:26:40] Performing Preference /instance/org.eclipse.ui.editors/TM4EMatchingPairColor = 27,98,145
[2025-12-04 12:26:40] Performing Preference /instance/org.eclipse.ui.editors/writeOccurrenceIndicationColor = 27,98,145
[2025-12-04 12:26:40] Performing Preference /instance/org.eclipse.ui.genericeditor/matchingBracketsColor = 249,250,244
[2025-12-04 12:26:40] Performing Preference /instance/org.eclipse.ui.genericeditor/overriddenByCSS = ,matchingBracketsColor,
[2025-12-04 12:26:40] Performing Preference /instance/org.eclipse.ui.workbench/ACTIVE_HYPERLINK_COLOR = 138,201,242
[2025-12-04 12:26:40] Performing Preference /instance/org.eclipse.ui.workbench/CONFLICTING_COLOR = 240,15,66
[2025-12-04 12:26:40] Performing Preference /instance/org.eclipse.ui.workbench/CONTENT_ASSIST_BACKGROUND_COLOR = 52,57,61
[2025-12-04 12:26:40] Performing Preference /instance/org.eclipse.ui.workbench/CONTENT_ASSIST_FOREGROUND_COLOR = 238,238,238
[2025-12-04 12:26:40] Performing Preference /instance/org.eclipse.ui.workbench/EDITION_COLOR = 238,238,238
[2025-12-04 12:26:40] Performing Preference /instance/org.eclipse.ui.workbench/ERROR_COLOR = 247,68,117
[2025-12-04 12:26:40] Performing Preference /instance/org.eclipse.ui.workbench/HYPERLINK_COLOR = 111,197,238
[2025-12-04 12:26:40] Performing Preference /instance/org.eclipse.ui.workbench/INCOMING_COLOR = 31,179,235
[2025-12-04 12:26:40] Performing Preference /instance/org.eclipse.ui.workbench/org.eclipse.egit.ui.CommitMessageCommentColor = 128,128,128
[2025-12-04 12:26:40] Performing Preference /instance/org.eclipse.ui.workbench/org.eclipse.egit.ui.DiffAddBackgroundColor = 11,121,90
[2025-12-04 12:26:40] Performing Preference /instance/org.eclipse.ui.workbench/org.eclipse.egit.ui.DiffAddForegroundColor = 216,254,245
[2025-12-04 12:26:40] Performing Preference /instance/org.eclipse.ui.workbench/org.eclipse.egit.ui.DiffHeadlineBackgroundColor = 71,71,71
[2025-12-04 12:26:40] Performing Preference /instance/org.eclipse.ui.workbench/org.eclipse.egit.ui.DiffHeadlineForegroundColor = 242,242,242
[2025-12-04 12:26:40] Performing Preference /instance/org.eclipse.ui.workbench/org.eclipse.egit.ui.DiffHunkBackgroundColor = 53,97,113
[2025-12-04 12:26:40] Performing Preference /instance/org.eclipse.ui.workbench/org.eclipse.egit.ui.DiffHunkForegroundColor = 233,242,254
[2025-12-04 12:26:40] Performing Preference /instance/org.eclipse.ui.workbench/org.eclipse.egit.ui.DiffRemoveBackgroundColor = 117,2,36
[2025-12-04 12:26:40] Performing Preference /instance/org.eclipse.ui.workbench/org.eclipse.egit.ui.DiffRemoveForegroundColor = 255,232,237
[2025-12-04 12:26:40] Performing Preference /instance/org.eclipse.ui.workbench/org.eclipse.egit.ui.IgnoredResourceBackgroundColor = 47,47,47
[2025-12-04 12:26:40] Performing Preference /instance/org.eclipse.ui.workbench/org.eclipse.egit.ui.IgnoredResourceForegroundColor = 120,120,120
[2025-12-04 12:26:40] Performing Preference /instance/org.eclipse.ui.workbench/org.eclipse.egit.ui.UncommittedChangeBackgroundColor = 47,47,47
[2025-12-04 12:26:40] Performing Preference /instance/org.eclipse.ui.workbench/org.eclipse.egit.ui.UncommittedChangeForegroundColor = 114,157,186
[2025-12-04 12:26:40] Performing Preference /instance/org.eclipse.ui.workbench/org.eclipse.jdt.ui.ColoredLabels.inherited = 143,143,191
[2025-12-04 12:26:40] Performing Preference /instance/org.eclipse.ui.workbench/org.eclipse.jdt.ui.ColoredLabels.writeaccess_highlight = 255,128,128
[2025-12-04 12:26:40] Performing Preference /instance/org.eclipse.ui.workbench/org.eclipse.jdt.ui.Javadoc.backgroundColor = 52,57,61
[2025-12-04 12:26:40] Performing Preference /instance/org.eclipse.ui.workbench/org.eclipse.jdt.ui.Javadoc.foregroundColor = 238,238,238
[2025-12-04 12:26:40] Performing Preference /instance/org.eclipse.ui.workbench/org.eclipse.jface.REVISION_NEWEST_COLOR = 75,44,3
[2025-12-04 12:26:40] Performing Preference /instance/org.eclipse.ui.workbench/org.eclipse.jface.REVISION_OLDEST_COLOR = 154,113,61
[2025-12-04 12:26:40] Performing Preference /instance/org.eclipse.ui.workbench/org.eclipse.pde.genericeditor.extension.editor.color.attribute = 196,138,114
[2025-12-04 12:26:40] Performing Preference /instance/org.eclipse.ui.workbench/org.eclipse.pde.genericeditor.extension.editor.color.comment = 96,139,78
[2025-12-04 12:26:40] Performing Preference /instance/org.eclipse.ui.workbench/org.eclipse.pde.genericeditor.extension.editor.color.header = 128,128,128
[2025-12-04 12:26:40] Performing Preference /instance/org.eclipse.ui.workbench/org.eclipse.pde.genericeditor.extension.editor.color.quote = 118,200,244
[2025-12-04 12:26:40] Performing Preference /instance/org.eclipse.ui.workbench/org.eclipse.pde.genericeditor.extension.editor.color.tag = 86,156,214
[2025-12-04 12:26:40] Performing Preference /instance/org.eclipse.ui.workbench/org.eclipse.pde.genericeditor.extension.editor.color.text = 212,212,212
[2025-12-04 12:26:40] Performing Preference /instance/org.eclipse.ui.workbench/org.eclipse.search.ui.match.highlight = 206,92,0
[2025-12-04 12:26:40] Performing Preference /instance/org.eclipse.ui.workbench/org.eclipse.ui.editors.rangeIndicatorColor = 27,118,153
[2025-12-04 12:26:40] Performing Preference /instance/org.eclipse.ui.workbench/org.eclipse.ui.workbench.HOVER_BACKGROUND = 52,57,61
[2025-12-04 12:26:40] Performing Preference /instance/org.eclipse.ui.workbench/org.eclipse.ui.workbench.HOVER_FOREGROUND = 238,238,238
[2025-12-04 12:26:40] Performing Preference /instance/org.eclipse.ui.workbench/org.eclipse.ui.workbench.INFORMATION_BACKGROUND = 81,86,88
[2025-12-04 12:26:40] Performing Preference /instance/org.eclipse.ui.workbench/org.eclipse.ui.workbench.INFORMATION_FOREGROUND = 238,238,238
[2025-12-04 12:26:40] Performing Preference /instance/org.eclipse.ui.workbench/OUTGOING_COLOR = 238,238,238
[2025-12-04 12:26:40] Performing Preference /instance/org.eclipse.ui.workbench/overriddenByCSS = ,org.eclipse.jdt.ui.ColoredLabels.inherited,org.eclipse.jdt.ui.Javadoc.backgroundColor,org.eclipse.jdt.ui.Javadoc.foregroundColor,org.eclipse.jdt.ui.ColoredLabels.writeaccess_highlight,org.eclipse.egit.ui.CommitMessageCommentColor,org.eclipse.egit.ui.DiffAddBackgroundColor,org.eclipse.egit.ui.DiffAddForegroundColor,org.eclipse.egit.ui.DiffHeadlineBackgroundColor,org.eclipse.egit.ui.DiffHeadlineForegroundColor,org.eclipse.egit.ui.DiffHunkBackgroundColor,org.eclipse.egit.ui.DiffHunkForegroundColor,org.eclipse.egit.ui.DiffRemoveBackgroundColor,org.eclipse.egit.ui.DiffRemoveForegroundColor,org.eclipse.egit.ui.IgnoredResourceBackgroundColor,org.eclipse.egit.ui.IgnoredResourceForegroundColor,org.eclipse.egit.ui.UncommittedChangeBackgroundColor,org.eclipse.egit.ui.UncommittedChangeForegroundColor,org.eclipse.pde.genericeditor.extension.editor.color.tag,org.eclipse.pde.genericeditor.extension.editor.color.attribute,org.eclipse.pde.genericeditor.extension.editor.color.text,org.eclipse.pde.genericeditor.extension.editor.color.header,org.eclipse.pde.genericeditor.extension.editor.color.comment,org.eclipse.pde.genericeditor.extension.editor.color.quote,ACTIVE_HYPERLINK_COLOR,CONFLICTING_COLOR,CONTENT_ASSIST_BACKGROUND_COLOR,CONTENT_ASSIST_FOREGROUND_COLOR,org.eclipse.ui.workbench.INFORMATION_BACKGROUND,org.eclipse.ui.workbench.INFORMATION_FOREGROUND,org.eclipse.ui.workbench.HOVER_BACKGROUND,org.eclipse.ui.workbench.HOVER_FOREGROUND,ERROR_COLOR,HYPERLINK_COLOR,INCOMING_COLOR,OUTGOING_COLOR,RESOLVED_COLOR,EDITION_COLOR,org.eclipse.search.ui.match.highlight,org.eclipse.ui.editors.rangeIndicatorColor,org.eclipse.jface.REVISION_NEWEST_COLOR,org.eclipse.jface.REVISION_OLDEST_COLOR,
[2025-12-04 12:26:40] Performing Preference /instance/org.eclipse.ui.workbench/RESOLVED_COLOR = 108,210,17
[2025-12-04 12:26:40] Performing Preference /instance/org.eclipse.wst.sse.ui/content_assist_completion_replacement_background = 200,200,0
[2025-12-04 12:26:40] Performing Preference /instance/org.eclipse.wst.sse.ui/content_assist_completion_replacement_foreground = 200,0,0
[2025-12-04 12:26:40] Performing Preference /instance/org.eclipse.wst.sse.ui/content_assist_parameters_background = 52,57,61
[2025-12-04 12:26:40] Performing Preference /instance/org.eclipse.wst.sse.ui/content_assist_parameters_foreground = 238,238,238
[2025-12-04 12:26:40] Performing Preference /instance/org.eclipse.wst.sse.ui/content_assist_proposals_background = 52,57,61
[2025-12-04 12:26:40] Performing Preference /instance/org.eclipse.wst.sse.ui/content_assist_proposals_foreground = 238,238,238
[2025-12-04 12:26:40] Performing Preference /instance/org.eclipse.wst.sse.ui/overriddenByCSS = ,content_assist_completion_replacement_background,content_assist_completion_replacement_foreground,content_assist_parameters_background,content_assist_parameters_foreground,content_assist_proposals_background,content_assist_proposals_foreground,
[2025-12-04 12:26:40] 
[2025-12-04 12:31:44] Executing startup tasks
[2025-12-04 12:31:44] OpenJDK Runtime Environment 17.0.2+8
[2025-12-04 12:31:44] Product self.product.version
[2025-12-04 12:31:44] Workspace /Users/riccardoromanello/Desktop/Hide-after-valuetools/Git Valuetools/runtime-EclipseApplication
[2025-12-04 12:31:44] Bundle org.eclipse.oomph.setup 1.25.0.v20220903-1123, build=5632, branch=e5d50810299859e75a8731a209e2f3442e7a94f5
[2025-12-04 12:31:44] Bundle org.eclipse.oomph.setup.core 1.25.0.v20220822-1127, build=5632, branch=e5d50810299859e75a8731a209e2f3442e7a94f5
[2025-12-04 12:31:44] Bundle org.eclipse.oomph.setup.p2 1.19.0.v20220607-1104, build=5632, branch=e5d50810299859e75a8731a209e2f3442e7a94f5
[2025-12-04 12:31:44] Performing Preference /instance/org.eclipse.debug.ui/org.eclipse.debug.ui.changedDebugElement = 255,128,128
[2025-12-04 12:31:44] Performing Preference /instance/org.eclipse.debug.ui/org.eclipse.debug.ui.consoleBackground = 53,53,53
[2025-12-04 12:31:44] Performing Preference /instance/org.eclipse.debug.ui/org.eclipse.debug.ui.errorColor = 225,30,70
[2025-12-04 12:31:44] Performing Preference /instance/org.eclipse.debug.ui/org.eclipse.debug.ui.inColor = 140,175,210
[2025-12-04 12:31:44] Performing Preference /instance/org.eclipse.debug.ui/org.eclipse.debug.ui.MemoryHistoryKnownColor = 235,235,235
[2025-12-04 12:31:44] Performing Preference /instance/org.eclipse.debug.ui/org.eclipse.debug.ui.MemoryHistoryUnknownColor = 170,175,185
[2025-12-04 12:31:44] Performing Preference /instance/org.eclipse.debug.ui/org.eclipse.debug.ui.outColor = 235,235,235
[2025-12-04 12:31:44] Performing Preference /instance/org.eclipse.debug.ui/org.eclipse.debug.ui.PREF_CHANGED_VALUE_BACKGROUND = 150,80,115
[2025-12-04 12:31:44] Performing Preference /instance/org.eclipse.debug.ui/overriddenByCSS = ,org.eclipse.debug.ui.MemoryHistoryKnownColor,org.eclipse.debug.ui.MemoryHistoryUnknownColor,org.eclipse.debug.ui.PREF_CHANGED_VALUE_BACKGROUND,org.eclipse.debug.ui.changedDebugElement,org.eclipse.debug.ui.consoleBackground,org.eclipse.debug.ui.errorColor,org.eclipse.debug.ui.inColor,org.eclipse.debug.ui.outColor,
[2025-12-04 12:31:44] Performing Preference /instance/org.eclipse.jdt.ui/content_assist_completion_replacement_background = 200,200,0
[2025-12-04 12:31:44] Performing Preference /instance/org.eclipse.jdt.ui/content_assist_completion_replacement_foreground = 200,0,0
[2025-12-04 12:31:44] Performing Preference /instance/org.eclipse.jdt.ui/content_assist_parameters_background = 52,57,61
[2025-12-04 12:31:44] Performing Preference /instance/org.eclipse.jdt.ui/content_assist_parameters_foreground = 238,238,238
[2025-12-04 12:31:44] Performing Preference /instance/org.eclipse.jdt.ui/java_bracket = 249,250,244
[2025-12-04 12:31:44] Performing Preference /instance/org.eclipse.jdt.ui/java_comment_task_tag = 154,140,124
[2025-12-04 12:31:44] Performing Preference /instance/org.eclipse.jdt.ui/java_default = 217,232,247
[2025-12-04 12:31:44] Performing Preference /instance/org.eclipse.jdt.ui/java_doc_default = 128,128,128
[2025-12-04 12:31:44] Performing Preference /instance/org.eclipse.jdt.ui/java_doc_keyword = 154,140,124
[2025-12-04 12:31:44] Performing Preference /instance/org.eclipse.jdt.ui/java_doc_link = 169,156,140
[2025-12-04 12:31:44] Performing Preference /instance/org.eclipse.jdt.ui/java_doc_tag = 30,120,155
[2025-12-04 12:31:44] Performing Preference /instance/org.eclipse.jdt.ui/java_keyword = 204,108,29
[2025-12-04 12:31:44] Performing Preference /instance/org.eclipse.jdt.ui/java_keyword_bold = false
[2025-12-04 12:31:44] Performing Preference /instance/org.eclipse.jdt.ui/java_keyword_return = 204,108,29
[2025-12-04 12:31:44] Performing Preference /instance/org.eclipse.jdt.ui/java_keyword_return_bold = false
[2025-12-04 12:31:44] Performing Preference /instance/org.eclipse.jdt.ui/java_multi_line_comment = 128,128,128
[2025-12-04 12:31:44] Performing Preference /instance/org.eclipse.jdt.ui/java_operator = 230,230,250
[2025-12-04 12:31:44] Performing Preference /instance/org.eclipse.jdt.ui/java_single_line_comment = 128,128,128
[2025-12-04 12:31:44] Performing Preference /instance/org.eclipse.jdt.ui/java_string = 23,198,163
[2025-12-04 12:31:44] Performing Preference /instance/org.eclipse.jdt.ui/matchingBracketsColor = 249,250,244
[2025-12-04 12:31:44] Performing Preference /instance/org.eclipse.jdt.ui/overriddenByCSS = ,content_assist_completion_replacement_background,content_assist_completion_replacement_foreground,content_assist_parameters_background,content_assist_parameters_foreground,content_assist_proposals_background,content_assist_proposals_foreground,java_bracket,java_comment_task_tag,java_default,java_doc_default,java_doc_keyword,java_doc_link,java_doc_tag,java_keyword,java_keyword_bold,java_keyword_return,java_keyword_return_bold,java_multi_line_comment,java_operator,java_single_line_comment,java_string,matchingBracketsColor,pf_coloring_argument,pf_coloring_assignment,pf_coloring_comment,pf_coloring_key,pf_coloring_value,semanticHighlighting.abstractClass.color,semanticHighlighting.abstractClass.enabled,semanticHighlighting.abstractMethodInvocation.color,semanticHighlighting.abstractMethodInvocation.enabled,semanticHighlighting.annotation.color,semanticHighlighting.annotation.enabled,semanticHighlighting.annotation.italic,semanticHighlighting.annotationElementReference.color,semanticHighlighting.annotationElementReference.enabled,semanticHighlighting.class.color,semanticHighlighting.class.enabled,semanticHighlighting.deprecatedMember.color,semanticHighlighting.deprecatedMember.enabled,semanticHighlighting.deprecatedMember.underline,semanticHighlighting.deprecatedMember.strikethrough,semanticHighlighting.enum.color,semanticHighlighting.enum.enabled,semanticHighlighting.enum.italic,semanticHighlighting.field.color,semanticHighlighting.field.enabled,semanticHighlighting.inheritedField.color,semanticHighlighting.inheritedMethodInvocation.color,semanticHighlighting.inheritedMethodInvocation.enabled,semanticHighlighting.interface.color,semanticHighlighting.interface.enabled,semanticHighlighting.localVariable.color,semanticHighlighting.localVariable.enabled,semanticHighlighting.localVariableDeclaration.color,semanticHighlighting.localVariableDeclaration.enabled,semanticHighlighting.localVariableDeclaration.bold,semanticHighlighting.method.color,semanticHighlighting.method.enabled,semanticHighlighting.methodDeclarationName.color,semanticHighlighting.methodDeclarationName.enabled,semanticHighlighting.methodDeclarationName.bold,semanticHighlighting.number.color,semanticHighlighting.number.enabled,semanticHighlighting.parameterVariable.color,semanticHighlighting.parameterVariable.enabled,semanticHighlighting.staticField.color,semanticHighlighting.staticField.enabled,semanticHighlighting.staticFinalField.color,semanticHighlighting.staticFinalField.enabled,semanticHighlighting.staticMethodInvocation.color,semanticHighlighting.staticMethodInvocation.enabled,semanticHighlighting.typeArgument.color,semanticHighlighting.typeArgument.enabled,semanticHighlighting.typeParameter.color,semanticHighlighting.typeParameter.enabled,semanticHighlighting.typeParameter.bold,semanticHighlighting.restrictedKeywords.color,semanticHighlighting.restrictedKeywords.bold,sourceHoverBackgroundColor,
[2025-12-04 12:31:44] Performing Preference /instance/org.eclipse.jdt.ui/pf_coloring_argument = 221,40,103
[2025-12-04 12:31:44] Performing Preference /instance/org.eclipse.jdt.ui/pf_coloring_assignment = 217,232,247
[2025-12-04 12:31:44] Performing Preference /instance/org.eclipse.jdt.ui/pf_coloring_comment = 128,128,128
[2025-12-04 12:31:44] Performing Preference /instance/org.eclipse.jdt.ui/pf_coloring_key = 217,232,247
[2025-12-04 12:31:44] Performing Preference /instance/org.eclipse.jdt.ui/pf_coloring_value = 23,198,163
[2025-12-04 12:31:44] Performing Preference /instance/org.eclipse.jdt.ui/semanticHighlighting.abstractClass.color = 62,171,230
[2025-12-04 12:31:45] Performing Preference /instance/org.eclipse.jdt.ui/semanticHighlighting.abstractClass.enabled = true
[2025-12-04 12:31:45] Performing Preference /instance/org.eclipse.jdt.ui/semanticHighlighting.abstractMethodInvocation.color = 128,246,167
[2025-12-04 12:31:45] Performing Preference /instance/org.eclipse.jdt.ui/semanticHighlighting.abstractMethodInvocation.enabled = true
[2025-12-04 12:31:45] Performing Preference /instance/org.eclipse.jdt.ui/semanticHighlighting.annotation.color = 160,160,160
[2025-12-04 12:31:45] Performing Preference /instance/org.eclipse.jdt.ui/semanticHighlighting.annotation.italic = true
[2025-12-04 12:31:45] Performing Preference /instance/org.eclipse.jdt.ui/semanticHighlighting.annotationElementReference.color = 235,75,100
[2025-12-04 12:31:45] Performing Preference /instance/org.eclipse.jdt.ui/semanticHighlighting.annotationElementReference.enabled = true
[2025-12-04 12:31:45] Performing Preference /instance/org.eclipse.jdt.ui/semanticHighlighting.class.color = 18,144,195
[2025-12-04 12:31:45] Performing Preference /instance/org.eclipse.jdt.ui/semanticHighlighting.class.enabled = true
[2025-12-04 12:31:45] Performing Preference /instance/org.eclipse.jdt.ui/semanticHighlighting.deprecatedMember.color = 128,128,128
[2025-12-04 12:31:45] Performing Preference /instance/org.eclipse.jdt.ui/semanticHighlighting.enum.color = 204,129,186
[2025-12-04 12:31:45] Performing Preference /instance/org.eclipse.jdt.ui/semanticHighlighting.enum.enabled = true
[2025-12-04 12:31:45] Performing Preference /instance/org.eclipse.jdt.ui/semanticHighlighting.enum.italic = true
[2025-12-04 12:31:45] Performing Preference /instance/org.eclipse.jdt.ui/semanticHighlighting.field.color = 102,225,248
[2025-12-04 12:31:45] Performing Preference /instance/org.eclipse.jdt.ui/semanticHighlighting.inheritedField.color = 143,143,191
[2025-12-04 12:31:45] Performing Preference /instance/org.eclipse.jdt.ui/semanticHighlighting.inheritedMethodInvocation.color = 205,246,104
[2025-12-04 12:31:45] Performing Preference /instance/org.eclipse.jdt.ui/semanticHighlighting.inheritedMethodInvocation.enabled = true
[2025-12-04 12:31:45] Performing Preference /instance/org.eclipse.jdt.ui/semanticHighlighting.interface.color = 128,242,246
[2025-12-04 12:31:45] Performing Preference /instance/org.eclipse.jdt.ui/semanticHighlighting.interface.enabled = true
[2025-12-04 12:31:45] Performing Preference /instance/org.eclipse.jdt.ui/semanticHighlighting.localVariable.color = 243,236,121
[2025-12-04 12:31:45] Performing Preference /instance/org.eclipse.jdt.ui/semanticHighlighting.localVariableDeclaration.bold = false
[2025-12-04 12:31:45] Performing Preference /instance/org.eclipse.jdt.ui/semanticHighlighting.localVariableDeclaration.color = 242,242,0
[2025-12-04 12:31:45] Performing Preference /instance/org.eclipse.jdt.ui/semanticHighlighting.localVariableDeclaration.enabled = true
[2025-12-04 12:31:45] Performing Preference /instance/org.eclipse.jdt.ui/semanticHighlighting.method.color = 167,236,33
[2025-12-04 12:31:45] Performing Preference /instance/org.eclipse.jdt.ui/semanticHighlighting.method.enabled = true
[2025-12-04 12:31:45] Performing Preference /instance/org.eclipse.jdt.ui/semanticHighlighting.methodDeclarationName.bold = false
[2025-12-04 12:31:45] Performing Preference /instance/org.eclipse.jdt.ui/semanticHighlighting.methodDeclarationName.color = 30,181,64
[2025-12-04 12:31:45] Performing Preference /instance/org.eclipse.jdt.ui/semanticHighlighting.methodDeclarationName.enabled = true
[2025-12-04 12:31:45] Performing Preference /instance/org.eclipse.jdt.ui/semanticHighlighting.number.color = 104,151,187
[2025-12-04 12:31:45] Performing Preference /instance/org.eclipse.jdt.ui/semanticHighlighting.number.enabled = true
[2025-12-04 12:31:45] Performing Preference /instance/org.eclipse.jdt.ui/semanticHighlighting.parameterVariable.color = 121,171,255
[2025-12-04 12:31:45] Performing Preference /instance/org.eclipse.jdt.ui/semanticHighlighting.parameterVariable.enabled = true
[2025-12-04 12:31:45] Performing Preference /instance/org.eclipse.jdt.ui/semanticHighlighting.restrictedKeywords.bold = false
[2025-12-04 12:31:45] Performing Preference /instance/org.eclipse.jdt.ui/semanticHighlighting.restrictedKeywords.color = 204,108,29
[2025-12-04 12:31:45] Performing Preference /instance/org.eclipse.jdt.ui/semanticHighlighting.staticField.color = 141,218,248
[2025-12-04 12:31:45] Performing Preference /instance/org.eclipse.jdt.ui/semanticHighlighting.staticFinalField.color = 141,218,248
[2025-12-04 12:31:45] Performing Preference /instance/org.eclipse.jdt.ui/semanticHighlighting.staticMethodInvocation.color = 150,236,63
[2025-12-04 12:31:45] Performing Preference /instance/org.eclipse.jdt.ui/semanticHighlighting.typeArgument.color = 177,102,218
[2025-12-04 12:31:45] Performing Preference /instance/org.eclipse.jdt.ui/semanticHighlighting.typeArgument.enabled = true
[2025-12-04 12:31:45] Performing Preference /instance/org.eclipse.jdt.ui/semanticHighlighting.typeParameter.bold = false
[2025-12-04 12:31:45] Performing Preference /instance/org.eclipse.jdt.ui/semanticHighlighting.typeParameter.color = 191,164,164
[2025-12-04 12:31:45] Performing Preference /instance/org.eclipse.jdt.ui/semanticHighlighting.typeParameter.enabled = true
[2025-12-04 12:31:45] Performing Preference /instance/org.eclipse.jdt.ui/sourceHoverBackgroundColor = 68,68,68
[2025-12-04 12:31:45] Performing Preference /instance/org.eclipse.ui.editors/AbstractTextEditor.Color.Background = 47,47,47
[2025-12-04 12:31:45] Performing Preference /instance/org.eclipse.ui.editors/AbstractTextEditor.Color.Background.SystemDefault = false
[2025-12-04 12:31:45] Performing Preference /instance/org.eclipse.ui.editors/AbstractTextEditor.Color.FindScope = 30,120,155
[2025-12-04 12:31:45] Performing Preference /instance/org.eclipse.ui.editors/AbstractTextEditor.Color.Foreground = 204,204,204
[2025-12-04 12:31:45] Performing Preference /instance/org.eclipse.ui.editors/AbstractTextEditor.Color.Foreground.SystemDefault = false
[2025-12-04 12:31:45] Performing Preference /instance/org.eclipse.ui.editors/AbstractTextEditor.Color.SelectionBackground = 33,66,131
[2025-12-04 12:31:45] Performing Preference /instance/org.eclipse.ui.editors/AbstractTextEditor.Color.SelectionBackground.SystemDefault = false
[2025-12-04 12:31:45] Performing Preference /instance/org.eclipse.ui.editors/AbstractTextEditor.Color.SelectionForeground = 147,161,161
[2025-12-04 12:31:45] Performing Preference /instance/org.eclipse.ui.editors/AbstractTextEditor.Color.SelectionForeground.SystemDefault = false
[2025-12-04 12:31:45] Performing Preference /instance/org.eclipse.ui.editors/asOccurencesIndicationColor = 72,72,72
[2025-12-04 12:31:45] Performing Preference /instance/org.eclipse.ui.editors/breakpointIndicationColor = 51,119,193
[2025-12-04 12:31:45] Performing Preference /instance/org.eclipse.ui.editors/currentIPColor = 90,90,90
[2025-12-04 12:31:45] Performing Preference /instance/org.eclipse.ui.editors/currentLineColor = 55,55,55
[2025-12-04 12:31:45] Performing Preference /instance/org.eclipse.ui.editors/deletionIndicationColor = 224,226,228
[2025-12-04 12:31:45] Performing Preference /instance/org.eclipse.ui.editors/filteredSearchResultIndicationColor = 27,98,145
[2025-12-04 12:31:45] Performing Preference /instance/org.eclipse.ui.editors/fullcoverage_color = 6,74,6
[2025-12-04 12:31:45] Performing Preference /instance/org.eclipse.ui.editors/hyperlinkColor = 102,175,249
[2025-12-04 12:31:45] Performing Preference /instance/org.eclipse.ui.editors/hyperlinkColor.SystemDefault = false
[2025-12-04 12:31:45] Performing Preference /instance/org.eclipse.ui.editors/infoIndicationColor = 86,194,170
[2025-12-04 12:31:45] Performing Preference /instance/org.eclipse.ui.editors/lineNumberColor = 119,145,154
[2025-12-04 12:31:45] Performing Preference /instance/org.eclipse.ui.editors/linked.slave.color = 66,156,255
[2025-12-04 12:31:45] Performing Preference /instance/org.eclipse.ui.editors/LSP4EReadOccurrenceIndicationColor = 27,98,145
[2025-12-04 12:31:45] Performing Preference /instance/org.eclipse.ui.editors/LSP4ETextOccurrenceIndicationColor = 27,98,145
[2025-12-04 12:31:45] Performing Preference /instance/org.eclipse.ui.editors/LSP4EWriteOccurrenceIndicationColor = 27,98,145
[2025-12-04 12:31:45] Performing Preference /instance/org.eclipse.ui.editors/matchingTagIndicationColor = 72,72,72
[2025-12-04 12:31:45] Performing Preference /instance/org.eclipse.ui.editors/nocoverage_color = 98,5,5
[2025-12-04 12:31:45] Performing Preference /instance/org.eclipse.ui.editors/occurrenceIndicationColor = 27,98,145
[2025-12-04 12:31:45] Performing Preference /instance/org.eclipse.ui.editors/overriddenByCSS = ,fullcoverage_color,partialcoverage_color,nocoverage_color,TextOccurrenceIndicationColor,LSP4EReadOccurrenceIndicationColor,LSP4EWriteOccurrenceIndicationColor,LSP4ETextOccurrenceIndicationColor,TM4EMatchingPairColor,AbstractTextEditor.Color.Background.SystemDefault,AbstractTextEditor.Color.SelectionForeground.SystemDefault,AbstractTextEditor.Color.SelectionBackground.SystemDefault,AbstractTextEditor.Color.Background,AbstractTextEditor.Color.Foreground.SystemDefault,AbstractTextEditor.Color.SelectionBackground,AbstractTextEditor.Color.SelectionForeground,AbstractTextEditor.Color.Foreground,AbstractTextEditor.Color.FindScope,asOccurencesIndicationColor,breakpointIndicationColor,currentIPColor,currentLineColor,deletionIndicationColor,filteredSearchResultIndicationColor,hyperlinkColor,hyperlinkColor.SystemDefault,infoIndicationColor,lineNumberColor,linked.slave.color,matchingTagIndicationColor,occurrenceIndicationColor,overrideIndicatorColor,printMarginColor,searchResultHighlighting,searchResultIndication,searchResultIndicationColor,searchResultTextStyle,secondaryIPColor,spellingIndicationColor,writeOccurrenceIndicationColor,
[2025-12-04 12:31:45] Performing Preference /instance/org.eclipse.ui.editors/overrideIndicatorColor = 78,120,117
[2025-12-04 12:31:45] Performing Preference /instance/org.eclipse.ui.editors/partialcoverage_color = 98,98,0
[2025-12-04 12:31:45] Performing Preference /instance/org.eclipse.ui.editors/printMarginColor = 81,86,88
[2025-12-04 12:31:45] Performing Preference /instance/org.eclipse.ui.editors/searchResultHighlighting = false
[2025-12-04 12:31:45] Performing Preference /instance/org.eclipse.ui.editors/searchResultIndication = true
[2025-12-04 12:31:45] Performing Preference /instance/org.eclipse.ui.editors/searchResultIndicationColor = 94,94,94
[2025-12-04 12:31:45] Performing Preference /instance/org.eclipse.ui.editors/searchResultTextStyle = BOX
[2025-12-04 12:31:45] Performing Preference /instance/org.eclipse.ui.editors/secondaryIPColor = 90,90,90
[2025-12-04 12:31:45] Performing Preference /instance/org.eclipse.ui.editors/spellingIndicationColor = 253,170,211
[2025-12-04 12:31:45] Performing Preference /instance/org.eclipse.ui.editors/TextOccurrenceIndicationColor = 27, 98, 145
[2025-12-04 12:31:45] Performing Preference /instance/org.eclipse.ui.editors/TM4EMatchingPairColor = 27,98,145
[2025-12-04 12:31:45] Performing Preference /instance/org.eclipse.ui.editors/writeOccurrenceIndicationColor = 27,98,145
[2025-12-04 12:31:45] Performing Preference /instance/org.eclipse.ui.workbench/ACTIVE_HYPERLINK_COLOR = 138,201,242
[2025-12-04 12:31:45] Performing Preference /instance/org.eclipse.ui.workbench/CONFLICTING_COLOR = 240,15,66
[2025-12-04 12:31:45] Performing Preference /instance/org.eclipse.ui.workbench/CONTENT_ASSIST_BACKGROUND_COLOR = 52,57,61
[2025-12-04 12:31:45] Performing Preference /instance/org.eclipse.ui.workbench/CONTENT_ASSIST_FOREGROUND_COLOR = 238,238,238
[2025-12-04 12:31:45] Performing Preference /instance/org.eclipse.ui.workbench/EDITION_COLOR = 238,238,238
[2025-12-04 12:31:45] Performing Preference /instance/org.eclipse.ui.workbench/ERROR_COLOR = 247,68,117
[2025-12-04 12:31:46] Performing Preference /instance/org.eclipse.ui.workbench/HYPERLINK_COLOR = 111,197,238
[2025-12-04 12:31:46] Performing Preference /instance/org.eclipse.ui.workbench/INCOMING_COLOR = 31,179,235
[2025-12-04 12:31:46] Performing Preference /instance/org.eclipse.ui.workbench/org.eclipse.egit.ui.CommitMessageCommentColor = 128,128,128
[2025-12-04 12:31:46] Performing Preference /instance/org.eclipse.ui.workbench/org.eclipse.egit.ui.DiffAddBackgroundColor = 11,121,90
[2025-12-04 12:31:46] Performing Preference /instance/org.eclipse.ui.workbench/org.eclipse.egit.ui.DiffAddForegroundColor = 216,254,245
[2025-12-04 12:31:46] Performing Preference /instance/org.eclipse.ui.workbench/org.eclipse.egit.ui.DiffHeadlineBackgroundColor = 71,71,71
[2025-12-04 12:31:46] Performing Preference /instance/org.eclipse.ui.workbench/org.eclipse.egit.ui.DiffHeadlineForegroundColor = 242,242,242
[2025-12-04 12:31:46] Performing Preference /instance/org.eclipse.ui.workbench/org.eclipse.egit.ui.DiffHunkBackgroundColor = 53,97,113
[2025-12-04 12:31:46] Performing Preference /instance/org.eclipse.ui.workbench/org.eclipse.egit.ui.DiffHunkForegroundColor = 233,242,254
[2025-12-04 12:31:46] Performing Preference /instance/org.eclipse.ui.workbench/org.eclipse.egit.ui.DiffRemoveBackgroundColor = 117,2,36
[2025-12-04 12:31:46] Performing Preference /instance/org.eclipse.ui.workbench/org.eclipse.egit.ui.DiffRemoveForegroundColor = 255,232,237
[2025-12-04 12:31:46] Performing Preference /instance/org.eclipse.ui.workbench/org.eclipse.egit.ui.IgnoredResourceBackgroundColor = 47,47,47
[2025-12-04 12:31:46] Performing Preference /instance/org.eclipse.ui.workbench/org.eclipse.egit.ui.IgnoredResourceForegroundColor = 120,120,120
[2025-12-04 12:31:46] Performing Preference /instance/org.eclipse.ui.workbench/org.eclipse.egit.ui.UncommittedChangeBackgroundColor = 47,47,47
[2025-12-04 12:31:46] Performing Preference /instance/org.eclipse.ui.workbench/org.eclipse.egit.ui.UncommittedChangeForegroundColor = 114,157,186
[2025-12-04 12:31:46] Performing Preference /instance/org.eclipse.ui.workbench/org.eclipse.jdt.ui.ColoredLabels.inherited = 143,143,191
[2025-12-04 12:31:46] Performing Preference /instance/org.eclipse.ui.workbench/org.eclipse.jdt.ui.ColoredLabels.writeaccess_highlight = 255,128,128
[2025-12-04 12:31:46] Performing Preference /instance/org.eclipse.ui.workbench/org.eclipse.jdt.ui.Javadoc.backgroundColor = 52,57,61
[2025-12-04 12:31:46] Performing Preference /instance/org.eclipse.ui.workbench/org.eclipse.jdt.ui.Javadoc.foregroundColor = 238,238,238
[2025-12-04 12:31:46] Performing Preference /instance/org.eclipse.ui.workbench/org.eclipse.jface.REVISION_NEWEST_COLOR = 75,44,3
[2025-12-04 12:31:46] Performing Preference /instance/org.eclipse.ui.workbench/org.eclipse.jface.REVISION_OLDEST_COLOR = 154,113,61
[2025-12-04 12:31:46] Performing Preference /instance/org.eclipse.ui.workbench/org.eclipse.pde.genericeditor.extension.editor.color.attribute = 196,138,114
[2025-12-04 12:31:46] Performing Preference /instance/org.eclipse.ui.workbench/org.eclipse.pde.genericeditor.extension.editor.color.comment = 96,139,78
[2025-12-04 12:31:46] Performing Preference /instance/org.eclipse.ui.workbench/org.eclipse.pde.genericeditor.extension.editor.color.header = 128,128,128
[2025-12-04 12:31:46] Performing Preference /instance/org.eclipse.ui.workbench/org.eclipse.pde.genericeditor.extension.editor.color.quote = 118,200,244
[2025-12-04 12:31:46] Performing Preference /instance/org.eclipse.ui.workbench/org.eclipse.pde.genericeditor.extension.editor.color.tag = 86,156,214
[2025-12-04 12:31:46] Performing Preference /instance/org.eclipse.ui.workbench/org.eclipse.pde.genericeditor.extension.editor.color.text = 212,212,212
[2025-12-04 12:31:46] Performing Preference /instance/org.eclipse.ui.workbench/org.eclipse.search.ui.match.highlight = 206,92,0
[2025-12-04 12:31:46] Performing Preference /instance/org.eclipse.ui.workbench/org.eclipse.ui.editors.rangeIndicatorColor = 27,118,153
[2025-12-04 12:31:46] Performing Preference /instance/org.eclipse.ui.workbench/org.eclipse.ui.workbench.HOVER_BACKGROUND = 52,57,61
[2025-12-04 12:31:46] Performing Preference /instance/org.eclipse.ui.workbench/org.eclipse.ui.workbench.HOVER_FOREGROUND = 238,238,238
[2025-12-04 12:31:46] Performing Preference /instance/org.eclipse.ui.workbench/org.eclipse.ui.workbench.INFORMATION_BACKGROUND = 81,86,88
[2025-12-04 12:31:46] Performing Preference /instance/org.eclipse.ui.workbench/org.eclipse.ui.workbench.INFORMATION_FOREGROUND = 238,238,238
[2025-12-04 12:31:46] Performing Preference /instance/org.eclipse.ui.workbench/OUTGOING_COLOR = 238,238,238
[2025-12-04 12:31:46] Performing Preference /instance/org.eclipse.ui.workbench/overriddenByCSS = ,org.eclipse.jdt.ui.ColoredLabels.inherited,org.eclipse.jdt.ui.Javadoc.backgroundColor,org.eclipse.jdt.ui.Javadoc.foregroundColor,org.eclipse.jdt.ui.ColoredLabels.writeaccess_highlight,org.eclipse.egit.ui.CommitMessageCommentColor,org.eclipse.egit.ui.DiffAddBackgroundColor,org.eclipse.egit.ui.DiffAddForegroundColor,org.eclipse.egit.ui.DiffHeadlineBackgroundColor,org.eclipse.egit.ui.DiffHeadlineForegroundColor,org.eclipse.egit.ui.DiffHunkBackgroundColor,org.eclipse.egit.ui.DiffHunkForegroundColor,org.eclipse.egit.ui.DiffRemoveBackgroundColor,org.eclipse.egit.ui.DiffRemoveForegroundColor,org.eclipse.egit.ui.IgnoredResourceBackgroundColor,org.eclipse.egit.ui.IgnoredResourceForegroundColor,org.eclipse.egit.ui.UncommittedChangeBackgroundColor,org.eclipse.egit.ui.UncommittedChangeForegroundColor,org.eclipse.pde.genericeditor.extension.editor.color.tag,org.eclipse.pde.genericeditor.extension.editor.color.attribute,org.eclipse.pde.genericeditor.extension.editor.color.text,org.eclipse.pde.genericeditor.extension.editor.color.header,org.eclipse.pde.genericeditor.extension.editor.color.comment,org.eclipse.pde.genericeditor.extension.editor.color.quote,ACTIVE_HYPERLINK_COLOR,CONFLICTING_COLOR,CONTENT_ASSIST_BACKGROUND_COLOR,CONTENT_ASSIST_FOREGROUND_COLOR,org.eclipse.ui.workbench.INFORMATION_BACKGROUND,org.eclipse.ui.workbench.INFORMATION_FOREGROUND,org.eclipse.ui.workbench.HOVER_BACKGROUND,org.eclipse.ui.workbench.HOVER_FOREGROUND,ERROR_COLOR,HYPERLINK_COLOR,INCOMING_COLOR,OUTGOING_COLOR,RESOLVED_COLOR,EDITION_COLOR,org.eclipse.search.ui.match.highlight,org.eclipse.ui.editors.rangeIndicatorColor,org.eclipse.jface.REVISION_NEWEST_COLOR,org.eclipse.jface.REVISION_OLDEST_COLOR,
[2025-12-04 12:31:46] Performing Preference /instance/org.eclipse.ui.workbench/RESOLVED_COLOR = 108,210,17
[2025-12-04 12:31:46] Performing Preference /instance/org.eclipse.wst.sse.ui/content_assist_completion_replacement_background = 200,200,0
[2025-12-04 12:31:46] Performing Preference /instance/org.eclipse.wst.sse.ui/content_assist_completion_replacement_foreground = 200,0,0
[2025-12-04 12:31:46] Performing Preference /instance/org.eclipse.wst.sse.ui/content_assist_parameters_background = 52,57,61
[2025-12-04 12:31:46] Performing Preference /instance/org.eclipse.wst.sse.ui/content_assist_parameters_foreground = 238,238,238
[2025-12-04 12:31:46] Performing Preference /instance/org.eclipse.wst.sse.ui/content_assist_proposals_background = 52,57,61
[2025-12-04 12:31:46] Performing Preference /instance/org.eclipse.wst.sse.ui/content_assist_proposals_foreground = 238,238,238
[2025-12-04 12:31:46] Performing Preference /instance/org.eclipse.wst.sse.ui/overriddenByCSS = ,content_assist_completion_replacement_background,content_assist_completion_replacement_foreground,content_assist_parameters_background,content_assist_parameters_foreground,content_assist_proposals_background,content_assist_proposals_foreground,
[2025-12-04 12:31:46] 
[2025-12-04 12:42:36] Executing startup tasks
[2025-12-04 12:42:37] OpenJDK Runtime Environment 17.0.2+8
[2025-12-04 12:42:37] Product self.product.version
[2025-12-04 12:42:37] Workspace /Users/riccardoromanello/Desktop/Hide-after-valuetools/Git Valuetools/runtime-EclipseApplication
[2025-12-04 12:42:37] Bundle org.eclipse.oomph.setup 1.25.0.v20220903-1123, build=5632, branch=e5d50810299859e75a8731a209e2f3442e7a94f5
[2025-12-04 12:42:37] Bundle org.eclipse.oomph.setup.core 1.25.0.v20220822-1127, build=5632, branch=e5d50810299859e75a8731a209e2f3442e7a94f5
[2025-12-04 12:42:37] Bundle org.eclipse.oomph.setup.p2 1.19.0.v20220607-1104, build=5632, branch=e5d50810299859e75a8731a209e2f3442e7a94f5
[2025-12-04 12:42:37] Performing Preference /instance/org.eclipse.debug.ui/org.eclipse.debug.ui.changedDebugElement = 255,128,128
[2025-12-04 12:42:37] Performing Preference /instance/org.eclipse.debug.ui/org.eclipse.debug.ui.consoleBackground = 53,53,53
[2025-12-04 12:42:37] Performing Preference /instance/org.eclipse.debug.ui/org.eclipse.debug.ui.errorColor = 225,30,70
[2025-12-04 12:42:37] Performing Preference /instance/org.eclipse.debug.ui/org.eclipse.debug.ui.inColor = 140,175,210
[2025-12-04 12:42:37] Performing Preference /instance/org.eclipse.debug.ui/org.eclipse.debug.ui.MemoryHistoryKnownColor = 235,235,235
[2025-12-04 12:42:37] Performing Preference /instance/org.eclipse.debug.ui/org.eclipse.debug.ui.MemoryHistoryUnknownColor = 170,175,185
[2025-12-04 12:42:37] Performing Preference /instance/org.eclipse.debug.ui/org.eclipse.debug.ui.outColor = 235,235,235
[2025-12-04 12:42:37] Performing Preference /instance/org.eclipse.debug.ui/org.eclipse.debug.ui.PREF_CHANGED_VALUE_BACKGROUND = 150,80,115
[2025-12-04 12:42:37] Performing Preference /instance/org.eclipse.debug.ui/overriddenByCSS = ,org.eclipse.debug.ui.MemoryHistoryKnownColor,org.eclipse.debug.ui.MemoryHistoryUnknownColor,org.eclipse.debug.ui.PREF_CHANGED_VALUE_BACKGROUND,org.eclipse.debug.ui.changedDebugElement,org.eclipse.debug.ui.consoleBackground,org.eclipse.debug.ui.errorColor,org.eclipse.debug.ui.inColor,org.eclipse.debug.ui.outColor,
[2025-12-04 12:42:37] Performing Preference /instance/org.eclipse.jdt.ui/content_assist_completion_replacement_background = 200,200,0
[2025-12-04 12:42:37] Performing Preference /instance/org.eclipse.jdt.ui/content_assist_completion_replacement_foreground = 200,0,0
[2025-12-04 12:42:37] Performing Preference /instance/org.eclipse.jdt.ui/content_assist_parameters_background = 52,57,61
[2025-12-04 12:42:37] Performing Preference /instance/org.eclipse.jdt.ui/content_assist_parameters_foreground = 238,238,238
[2025-12-04 12:42:37] Performing Preference /instance/org.eclipse.jdt.ui/java_bracket = 249,250,244
[2025-12-04 12:42:37] Performing Preference /instance/org.eclipse.jdt.ui/java_comment_task_tag = 154,140,124
[2025-12-04 12:42:37] Performing Preference /instance/org.eclipse.jdt.ui/java_default = 217,232,247
[2025-12-04 12:42:37] Performing Preference /instance/org.eclipse.jdt.ui/java_doc_default = 128,128,128
[2025-12-04 12:42:37] Performing Preference /instance/org.eclipse.jdt.ui/java_doc_keyword = 154,140,124
[2025-12-04 12:42:37] Performing Preference /instance/org.eclipse.jdt.ui/java_doc_link = 169,156,140
[2025-12-04 12:42:37] Performing Preference /instance/org.eclipse.jdt.ui/java_doc_tag = 30,120,155
[2025-12-04 12:42:37] Performing Preference /instance/org.eclipse.jdt.ui/java_keyword = 204,108,29
[2025-12-04 12:42:37] Performing Preference /instance/org.eclipse.jdt.ui/java_keyword_bold = false
[2025-12-04 12:42:37] Performing Preference /instance/org.eclipse.jdt.ui/java_keyword_return = 204,108,29
[2025-12-04 12:42:37] Performing Preference /instance/org.eclipse.jdt.ui/java_keyword_return_bold = false
[2025-12-04 12:42:37] Performing Preference /instance/org.eclipse.jdt.ui/java_multi_line_comment = 128,128,128
[2025-12-04 12:42:37] Performing Preference /instance/org.eclipse.jdt.ui/java_operator = 230,230,250
[2025-12-04 12:42:37] Performing Preference /instance/org.eclipse.jdt.ui/java_single_line_comment = 128,128,128
[2025-12-04 12:42:37] Performing Preference /instance/org.eclipse.jdt.ui/java_string = 23,198,163
[2025-12-04 12:42:37] Performing Preference /instance/org.eclipse.jdt.ui/matchingBracketsColor = 249,250,244
[2025-12-04 12:42:37] Performing Preference /instance/org.eclipse.jdt.ui/overriddenByCSS = ,content_assist_completion_replacement_background,content_assist_completion_replacement_foreground,content_assist_parameters_background,content_assist_parameters_foreground,content_assist_proposals_background,content_assist_proposals_foreground,java_bracket,java_comment_task_tag,java_default,java_doc_default,java_doc_keyword,java_doc_link,java_doc_tag,java_keyword,java_keyword_bold,java_keyword_return,java_keyword_return_bold,java_multi_line_comment,java_operator,java_single_line_comment,java_string,matchingBracketsColor,pf_coloring_argument,pf_coloring_assignment,pf_coloring_comment,pf_coloring_key,pf_coloring_value,semanticHighlighting.abstractClass.color,semanticHighlighting.abstractClass.enabled,semanticHighlighting.abstractMethodInvocation.color,semanticHighlighting.abstractMethodInvocation.enabled,semanticHighlighting.annotation.color,semanticHighlighting.annotation.enabled,semanticHighlighting.annotation.italic,semanticHighlighting.annotationElementReference.color,semanticHighlighting.annotationElementReference.enabled,semanticHighlighting.class.color,semanticHighlighting.class.enabled,semanticHighlighting.deprecatedMember.color,semanticHighlighting.deprecatedMember.enabled,semanticHighlighting.deprecatedMember.underline,semanticHighlighting.deprecatedMember.strikethrough,semanticHighlighting.enum.color,semanticHighlighting.enum.enabled,semanticHighlighting.enum.italic,semanticHighlighting.field.color,semanticHighlighting.field.enabled,semanticHighlighting.inheritedField.color,semanticHighlighting.inheritedMethodInvocation.color,semanticHighlighting.inheritedMethodInvocation.enabled,semanticHighlighting.interface.color,semanticHighlighting.interface.enabled,semanticHighlighting.localVariable.color,semanticHighlighting.localVariable.enabled,semanticHighlighting.localVariableDeclaration.color,semanticHighlighting.localVariableDeclaration.enabled,semanticHighlighting.localVariableDeclaration.bold,semanticHighlighting.method.color,semanticHighlighting.method.enabled,semanticHighlighting.methodDeclarationName.color,semanticHighlighting.methodDeclarationName.enabled,semanticHighlighting.methodDeclarationName.bold,semanticHighlighting.number.color,semanticHighlighting.number.enabled,semanticHighlighting.parameterVariable.color,semanticHighlighting.parameterVariable.enabled,semanticHighlighting.staticField.color,semanticHighlighting.staticField.enabled,semanticHighlighting.staticFinalField.color,semanticHighlighting.staticFinalField.enabled,semanticHighlighting.staticMethodInvocation.color,semanticHighlighting.staticMethodInvocation.enabled,semanticHighlighting.typeArgument.color,semanticHighlighting.typeArgument.enabled,semanticHighlighting.typeParameter.color,semanticHighlighting.typeParameter.enabled,semanticHighlighting.typeParameter.bold,semanticHighlighting.restrictedKeywords.color,semanticHighlighting.restrictedKeywords.bold,sourceHoverBackgroundColor,
[2025-12-04 12:42:37] Performing Preference /instance/org.eclipse.jdt.ui/pf_coloring_argument = 221,40,103
[2025-12-04 12:42:37] Performing Preference /instance/org.eclipse.jdt.ui/pf_coloring_assignment = 217,232,247
[2025-12-04 12:42:37] Performing Preference /instance/org.eclipse.jdt.ui/pf_coloring_comment = 128,128,128
[2025-12-04 12:42:37] Performing Preference /instance/org.eclipse.jdt.ui/pf_coloring_key = 217,232,247
[2025-12-04 12:42:37] Performing Preference /instance/org.eclipse.jdt.ui/pf_coloring_value = 23,198,163
[2025-12-04 12:42:37] Performing Preference /instance/org.eclipse.jdt.ui/semanticHighlighting.abstractClass.color = 62,171,230
[2025-12-04 12:42:37] Performing Preference /instance/org.eclipse.jdt.ui/semanticHighlighting.abstractClass.enabled = true
[2025-12-04 12:42:37] Performing Preference /instance/org.eclipse.jdt.ui/semanticHighlighting.abstractMethodInvocation.color = 128,246,167
[2025-12-04 12:42:37] Performing Preference /instance/org.eclipse.jdt.ui/semanticHighlighting.abstractMethodInvocation.enabled = true
[2025-12-04 12:42:37] Performing Preference /instance/org.eclipse.jdt.ui/semanticHighlighting.annotation.color = 160,160,160
[2025-12-04 12:42:37] Performing Preference /instance/org.eclipse.jdt.ui/semanticHighlighting.annotation.italic = true
[2025-12-04 12:42:37] Performing Preference /instance/org.eclipse.jdt.ui/semanticHighlighting.annotationElementReference.color = 235,75,100
[2025-12-04 12:42:37] Performing Preference /instance/org.eclipse.jdt.ui/semanticHighlighting.annotationElementReference.enabled = true
[2025-12-04 12:42:37] Performing Preference /instance/org.eclipse.jdt.ui/semanticHighlighting.class.color = 18,144,195
[2025-12-04 12:42:37] Performing Preference /instance/org.eclipse.jdt.ui/semanticHighlighting.class.enabled = true
[2025-12-04 12:42:37] Performing Preference /instance/org.eclipse.jdt.ui/semanticHighlighting.deprecatedMember.color = 128,128,128
[2025-12-04 12:42:37] Performing Preference /instance/org.eclipse.jdt.ui/semanticHighlighting.enum.color = 204,129,186
[2025-12-04 12:42:37] Performing Preference /instance/org.eclipse.jdt.ui/semanticHighlighting.enum.enabled = true
[2025-12-04 12:42:37] Performing Preference /instance/org.eclipse.jdt.ui/semanticHighlighting.enum.italic = true
[2025-12-04 12:42:37] Performing Preference /instance/org.eclipse.jdt.ui/semanticHighlighting.field.color = 102,225,248
[2025-12-04 12:42:37] Performing Preference /instance/org.eclipse.jdt.ui/semanticHighlighting.inheritedField.color = 143,143,191
[2025-12-04 12:42:37] Performing Preference /instance/org.eclipse.jdt.ui/semanticHighlighting.inheritedMethodInvocation.color = 205,246,104
[2025-12-04 12:42:37] Performing Preference /instance/org.eclipse.jdt.ui/semanticHighlighting.inheritedMethodInvocation.enabled = true
[2025-12-04 12:42:37] Performing Preference /instance/org.eclipse.jdt.ui/semanticHighlighting.interface.color = 128,242,246
[2025-12-04 12:42:37] Performing Preference /instance/org.eclipse.jdt.ui/semanticHighlighting.interface.enabled = true
[2025-12-04 12:42:37] Performing Preference /instance/org.eclipse.jdt.ui/semanticHighlighting.localVariable.color = 243,236,121
[2025-12-04 12:42:37] Performing Preference /instance/org.eclipse.jdt.ui/semanticHighlighting.localVariableDeclaration.bold = false
[2025-12-04 12:42:37] Performing Preference /instance/org.eclipse.jdt.ui/semanticHighlighting.localVariableDeclaration.color = 242,242,0
[2025-12-04 12:42:37] Performing Preference /instance/org.eclipse.jdt.ui/semanticHighlighting.localVariableDeclaration.enabled = true
[2025-12-04 12:42:37] Performing Preference /instance/org.eclipse.jdt.ui/semanticHighlighting.method.color = 167,236,33
[2025-12-04 12:42:37] Performing Preference /instance/org.eclipse.jdt.ui/semanticHighlighting.method.enabled = true
[2025-12-04 12:42:37] Performing Preference /instance/org.eclipse.jdt.ui/semanticHighlighting.methodDeclarationName.bold = false
[2025-12-04 12:42:37] Performing Preference /instance/org.eclipse.jdt.ui/semanticHighlighting.methodDeclarationName.color = 30,181,64
[2025-12-04 12:42:37] Performing Preference /instance/org.eclipse.jdt.ui/semanticHighlighting.methodDeclarationName.enabled = true
[2025-12-04 12:42:37] Performing Preference /instance/org.eclipse.jdt.ui/semanticHighlighting.number.color = 104,151,187
[2025-12-04 12:42:37] Performing Preference /instance/org.eclipse.jdt.ui/semanticHighlighting.number.enabled = true
[2025-12-04 12:42:37] Performing Preference /instance/org.eclipse.jdt.ui/semanticHighlighting.parameterVariable.color = 121,171,255
[2025-12-04 12:42:37] Performing Preference /instance/org.eclipse.jdt.ui/semanticHighlighting.parameterVariable.enabled = true
[2025-12-04 12:42:37] Performing Preference /instance/org.eclipse.jdt.ui/semanticHighlighting.restrictedKeywords.bold = false
[2025-12-04 12:42:37] Performing Preference /instance/org.eclipse.jdt.ui/semanticHighlighting.restrictedKeywords.color = 204,108,29
[2025-12-04 12:42:37] Performing Preference /instance/org.eclipse.jdt.ui/semanticHighlighting.staticField.color = 141,218,248
[2025-12-04 12:42:37] Performing Preference /instance/org.eclipse.jdt.ui/semanticHighlighting.staticFinalField.color = 141,218,248
[2025-12-04 12:42:37] Performing Preference /instance/org.eclipse.jdt.ui/semanticHighlighting.staticMethodInvocation.color = 150,236,63
[2025-12-04 12:42:37] Performing Preference /instance/org.eclipse.jdt.ui/semanticHighlighting.typeArgument.color = 177,102,218
[2025-12-04 12:42:37] Performing Preference /instance/org.eclipse.jdt.ui/semanticHighlighting.typeArgument.enabled = true
[2025-12-04 12:42:37] Performing Preference /instance/org.eclipse.jdt.ui/semanticHighlighting.typeParameter.bold = false
[2025-12-04 12:42:37] Performing Preference /instance/org.eclipse.jdt.ui/semanticHighlighting.typeParameter.color = 191,164,164
[2025-12-04 12:42:37] Performing Preference /instance/org.eclipse.jdt.ui/semanticHighlighting.typeParameter.enabled = true
[2025-12-04 12:42:37] Performing Preference /instance/org.eclipse.jdt.ui/sourceHoverBackgroundColor = 68,68,68
[2025-12-04 12:42:37] Performing Preference /instance/org.eclipse.ui.editors/AbstractTextEditor.Color.Background = 47,47,47
[2025-12-04 12:42:37] Performing Preference /instance/org.eclipse.ui.editors/AbstractTextEditor.Color.Background.SystemDefault = false
[2025-12-04 12:42:37] Performing Preference /instance/org.eclipse.ui.editors/AbstractTextEditor.Color.FindScope = 30,120,155
[2025-12-04 12:42:37] Performing Preference /instance/org.eclipse.ui.editors/AbstractTextEditor.Color.Foreground = 204,204,204
[2025-12-04 12:42:37] Performing Preference /instance/org.eclipse.ui.editors/AbstractTextEditor.Color.Foreground.SystemDefault = false
[2025-12-04 12:42:37] Performing Preference /instance/org.eclipse.ui.editors/AbstractTextEditor.Color.SelectionBackground = 33,66,131
[2025-12-04 12:42:38] Performing Preference /instance/org.eclipse.ui.editors/AbstractTextEditor.Color.SelectionBackground.SystemDefault = false
[2025-12-04 12:42:38] Performing Preference /instance/org.eclipse.ui.editors/AbstractTextEditor.Color.SelectionForeground = 147,161,161
[2025-12-04 12:42:38] Performing Preference /instance/org.eclipse.ui.editors/AbstractTextEditor.Color.SelectionForeground.SystemDefault = false
[2025-12-04 12:42:38] Performing Preference /instance/org.eclipse.ui.editors/asOccurencesIndicationColor = 72,72,72
[2025-12-04 12:42:38] Performing Preference /instance/org.eclipse.ui.editors/breakpointIndicationColor = 51,119,193
[2025-12-04 12:42:38] Performing Preference /instance/org.eclipse.ui.editors/currentIPColor = 90,90,90
[2025-12-04 12:42:38] Performing Preference /instance/org.eclipse.ui.editors/currentLineColor = 55,55,55
[2025-12-04 12:42:38] Performing Preference /instance/org.eclipse.ui.editors/deletionIndicationColor = 224,226,228
[2025-12-04 12:42:38] Performing Preference /instance/org.eclipse.ui.editors/filteredSearchResultIndicationColor = 27,98,145
[2025-12-04 12:42:38] Performing Preference /instance/org.eclipse.ui.editors/fullcoverage_color = 6,74,6
[2025-12-04 12:42:38] Performing Preference /instance/org.eclipse.ui.editors/hyperlinkColor = 102,175,249
[2025-12-04 12:42:38] Performing Preference /instance/org.eclipse.ui.editors/hyperlinkColor.SystemDefault = false
[2025-12-04 12:42:38] Performing Preference /instance/org.eclipse.ui.editors/infoIndicationColor = 86,194,170
[2025-12-04 12:42:38] Performing Preference /instance/org.eclipse.ui.editors/lineNumberColor = 119,145,154
[2025-12-04 12:42:38] Performing Preference /instance/org.eclipse.ui.editors/linked.slave.color = 66,156,255
[2025-12-04 12:42:38] Performing Preference /instance/org.eclipse.ui.editors/LSP4EReadOccurrenceIndicationColor = 27,98,145
[2025-12-04 12:42:38] Performing Preference /instance/org.eclipse.ui.editors/LSP4ETextOccurrenceIndicationColor = 27,98,145
[2025-12-04 12:42:38] Performing Preference /instance/org.eclipse.ui.editors/LSP4EWriteOccurrenceIndicationColor = 27,98,145
[2025-12-04 12:42:38] Performing Preference /instance/org.eclipse.ui.editors/matchingTagIndicationColor = 72,72,72
[2025-12-04 12:42:38] Performing Preference /instance/org.eclipse.ui.editors/nocoverage_color = 98,5,5
[2025-12-04 12:42:38] Performing Preference /instance/org.eclipse.ui.editors/occurrenceIndicationColor = 27,98,145
[2025-12-04 12:42:38] Performing Preference /instance/org.eclipse.ui.editors/overriddenByCSS = ,fullcoverage_color,partialcoverage_color,nocoverage_color,TextOccurrenceIndicationColor,LSP4EReadOccurrenceIndicationColor,LSP4EWriteOccurrenceIndicationColor,LSP4ETextOccurrenceIndicationColor,TM4EMatchingPairColor,AbstractTextEditor.Color.Background.SystemDefault,AbstractTextEditor.Color.SelectionForeground.SystemDefault,AbstractTextEditor.Color.SelectionBackground.SystemDefault,AbstractTextEditor.Color.Background,AbstractTextEditor.Color.Foreground.SystemDefault,AbstractTextEditor.Color.SelectionBackground,AbstractTextEditor.Color.SelectionForeground,AbstractTextEditor.Color.Foreground,AbstractTextEditor.Color.FindScope,asOccurencesIndicationColor,breakpointIndicationColor,currentIPColor,currentLineColor,deletionIndicationColor,filteredSearchResultIndicationColor,hyperlinkColor,hyperlinkColor.SystemDefault,infoIndicationColor,lineNumberColor,linked.slave.color,matchingTagIndicationColor,occurrenceIndicationColor,overrideIndicatorColor,printMarginColor,searchResultHighlighting,searchResultIndication,searchResultIndicationColor,searchResultTextStyle,secondaryIPColor,spellingIndicationColor,writeOccurrenceIndicationColor,
[2025-12-04 12:42:38] Performing Preference /instance/org.eclipse.ui.editors/overrideIndicatorColor = 78,120,117
[2025-12-04 12:42:38] Performing Preference /instance/org.eclipse.ui.editors/partialcoverage_color = 98,98,0
[2025-12-04 12:42:38] Performing Preference /instance/org.eclipse.ui.editors/printMarginColor = 81,86,88
[2025-12-04 12:42:38] Performing Preference /instance/org.eclipse.ui.editors/searchResultHighlighting = false
[2025-12-04 12:42:38] Performing Preference /instance/org.eclipse.ui.editors/searchResultIndication = true
[2025-12-04 12:42:38] Performing Preference /instance/org.eclipse.ui.editors/searchResultIndicationColor = 94,94,94
[2025-12-04 12:42:38] Performing Preference /instance/org.eclipse.ui.editors/searchResultTextStyle = BOX
[2025-12-04 12:42:38] Performing Preference /instance/org.eclipse.ui.editors/secondaryIPColor = 90,90,90
[2025-12-04 12:42:38] Performing Preference /instance/org.eclipse.ui.editors/spellingIndicationColor = 253,170,211
[2025-12-04 12:42:38] Performing Preference /instance/org.eclipse.ui.editors/TextOccurrenceIndicationColor = 27, 98, 145
[2025-12-04 12:42:38] Performing Preference /instance/org.eclipse.ui.editors/TM4EMatchingPairColor = 27,98,145
[2025-12-04 12:42:38] Performing Preference /instance/org.eclipse.ui.editors/writeOccurrenceIndicationColor = 27,98,145
[2025-12-04 12:42:38] Performing Preference /instance/org.eclipse.ui.workbench/ACTIVE_HYPERLINK_COLOR = 138,201,242
[2025-12-04 12:42:38] Performing Preference /instance/org.eclipse.ui.workbench/CONFLICTING_COLOR = 240,15,66
[2025-12-04 12:42:38] Performing Preference /instance/org.eclipse.ui.workbench/CONTENT_ASSIST_BACKGROUND_COLOR = 52,57,61
[2025-12-04 12:42:38] Performing Preference /instance/org.eclipse.ui.workbench/CONTENT_ASSIST_FOREGROUND_COLOR = 238,238,238
[2025-12-04 12:42:38] Performing Preference /instance/org.eclipse.ui.workbench/EDITION_COLOR = 238,238,238
[2025-12-04 12:42:38] Performing Preference /instance/org.eclipse.ui.workbench/ERROR_COLOR = 247,68,117
[2025-12-04 12:42:38] Performing Preference /instance/org.eclipse.ui.workbench/HYPERLINK_COLOR = 111,197,238
[2025-12-04 12:42:38] Performing Preference /instance/org.eclipse.ui.workbench/INCOMING_COLOR = 31,179,235
[2025-12-04 12:42:38] Performing Preference /instance/org.eclipse.ui.workbench/org.eclipse.egit.ui.CommitMessageCommentColor = 128,128,128
[2025-12-04 12:42:38] Performing Preference /instance/org.eclipse.ui.workbench/org.eclipse.egit.ui.DiffAddBackgroundColor = 11,121,90
[2025-12-04 12:42:38] Performing Preference /instance/org.eclipse.ui.workbench/org.eclipse.egit.ui.DiffAddForegroundColor = 216,254,245
[2025-12-04 12:42:38] Performing Preference /instance/org.eclipse.ui.workbench/org.eclipse.egit.ui.DiffHeadlineBackgroundColor = 71,71,71
[2025-12-04 12:42:38] Performing Preference /instance/org.eclipse.ui.workbench/org.eclipse.egit.ui.DiffHeadlineForegroundColor = 242,242,242
[2025-12-04 12:42:38] Performing Preference /instance/org.eclipse.ui.workbench/org.eclipse.egit.ui.DiffHunkBackgroundColor = 53,97,113
[2025-12-04 12:42:38] Performing Preference /instance/org.eclipse.ui.workbench/org.eclipse.egit.ui.DiffHunkForegroundColor = 233,242,254
[2025-12-04 12:42:38] Performing Preference /instance/org.eclipse.ui.workbench/org.eclipse.egit.ui.DiffRemoveBackgroundColor = 117,2,36
[2025-12-04 12:42:38] Performing Preference /instance/org.eclipse.ui.workbench/org.eclipse.egit.ui.DiffRemoveForegroundColor = 255,232,237
[2025-12-04 12:42:38] Performing Preference /instance/org.eclipse.ui.workbench/org.eclipse.egit.ui.IgnoredResourceBackgroundColor = 47,47,47
[2025-12-04 12:42:38] Performing Preference /instance/org.eclipse.ui.workbench/org.eclipse.egit.ui.IgnoredResourceForegroundColor = 120,120,120
[2025-12-04 12:42:38] Performing Preference /instance/org.eclipse.ui.workbench/org.eclipse.egit.ui.UncommittedChangeBackgroundColor = 47,47,47
[2025-12-04 12:42:38] Performing Preference /instance/org.eclipse.ui.workbench/org.eclipse.egit.ui.UncommittedChangeForegroundColor = 114,157,186
[2025-12-04 12:42:38] Performing Preference /instance/org.eclipse.ui.workbench/org.eclipse.jdt.ui.ColoredLabels.inherited = 143,143,191
[2025-12-04 12:42:38] Performing Preference /instance/org.eclipse.ui.workbench/org.eclipse.jdt.ui.ColoredLabels.writeaccess_highlight = 255,128,128
[2025-12-04 12:42:38] Performing Preference /instance/org.eclipse.ui.workbench/org.eclipse.jdt.ui.Javadoc.backgroundColor = 52,57,61
[2025-12-04 12:42:38] Performing Preference /instance/org.eclipse.ui.workbench/org.eclipse.jdt.ui.Javadoc.foregroundColor = 238,238,238
[2025-12-04 12:42:38] Performing Preference /instance/org.eclipse.ui.workbench/org.eclipse.jface.REVISION_NEWEST_COLOR = 75,44,3
[2025-12-04 12:42:38] Performing Preference /instance/org.eclipse.ui.workbench/org.eclipse.jface.REVISION_OLDEST_COLOR = 154,113,61
[2025-12-04 12:42:38] Performing Preference /instance/org.eclipse.ui.workbench/org.eclipse.pde.genericeditor.extension.editor.color.attribute = 196,138,114
[2025-12-04 12:42:38] Performing Preference /instance/org.eclipse.ui.workbench/org.eclipse.pde.genericeditor.extension.editor.color.comment = 96,139,78
[2025-12-04 12:42:38] Performing Preference /instance/org.eclipse.ui.workbench/org.eclipse.pde.genericeditor.extension.editor.color.header = 128,128,128
[2025-12-04 12:42:38] Performing Preference /instance/org.eclipse.ui.workbench/org.eclipse.pde.genericeditor.extension.editor.color.quote = 118,200,244
[2025-12-04 12:42:38] Performing Preference /instance/org.eclipse.ui.workbench/org.eclipse.pde.genericeditor.extension.editor.color.tag = 86,156,214
[2025-12-04 12:42:38] Performing Preference /instance/org.eclipse.ui.workbench/org.eclipse.pde.genericeditor.extension.editor.color.text = 212,212,212
[2025-12-04 12:42:38] Performing Preference /instance/org.eclipse.ui.workbench/org.eclipse.search.ui.match.highlight = 206,92,0
[2025-12-04 12:42:38] Performing Preference /instance/org.eclipse.ui.workbench/org.eclipse.ui.editors.rangeIndicatorColor = 27,118,153
[2025-12-04 12:42:38] Performing Preference /instance/org.eclipse.ui.workbench/org.eclipse.ui.workbench.HOVER_BACKGROUND = 52,57,61
[2025-12-04 12:42:38] Performing Preference /instance/org.eclipse.ui.workbench/org.eclipse.ui.workbench.HOVER_FOREGROUND = 238,238,238
[2025-12-04 12:42:38] Performing Preference /instance/org.eclipse.ui.workbench/org.eclipse.ui.workbench.INFORMATION_BACKGROUND = 81,86,88
[2025-12-04 12:42:38] Performing Preference /instance/org.eclipse.ui.workbench/org.eclipse.ui.workbench.INFORMATION_FOREGROUND = 238,238,238
[2025-12-04 12:42:38] Performing Preference /instance/org.eclipse.ui.workbench/OUTGOING_COLOR = 238,238,238
[2025-12-04 12:42:38] Performing Preference /instance/org.eclipse.ui.workbench/overriddenByCSS = ,org.eclipse.jdt.ui.ColoredLabels.inherited,org.eclipse.jdt.ui.Javadoc.backgroundColor,org.eclipse.jdt.ui.Javadoc.foregroundColor,org.eclipse.jdt.ui.ColoredLabels.writeaccess_highlight,org.eclipse.egit.ui.CommitMessageCommentColor,org.eclipse.egit.ui.DiffAddBackgroundColor,org.eclipse.egit.ui.DiffAddForegroundColor,org.eclipse.egit.ui.DiffHeadlineBackgroundColor,org.eclipse.egit.ui.DiffHeadlineForegroundColor,org.eclipse.egit.ui.DiffHunkBackgroundColor,org.eclipse.egit.ui.DiffHunkForegroundColor,org.eclipse.egit.ui.DiffRemoveBackgroundColor,org.eclipse.egit.ui.DiffRemoveForegroundColor,org.eclipse.egit.ui.IgnoredResourceBackgroundColor,org.eclipse.egit.ui.IgnoredResourceForegroundColor,org.eclipse.egit.ui.UncommittedChangeBackgroundColor,org.eclipse.egit.ui.UncommittedChangeForegroundColor,org.eclipse.pde.genericeditor.extension.editor.color.tag,org.eclipse.pde.genericeditor.extension.editor.color.attribute,org.eclipse.pde.genericeditor.extension.editor.color.text,org.eclipse.pde.genericeditor.extension.editor.color.header,org.eclipse.pde.genericeditor.extension.editor.color.comment,org.eclipse.pde.genericeditor.extension.editor.color.quote,ACTIVE_HYPERLINK_COLOR,CONFLICTING_COLOR,CONTENT_ASSIST_BACKGROUND_COLOR,CONTENT_ASSIST_FOREGROUND_COLOR,org.eclipse.ui.workbench.INFORMATION_BACKGROUND,org.eclipse.ui.workbench.INFORMATION_FOREGROUND,org.eclipse.ui.workbench.HOVER_BACKGROUND,org.eclipse.ui.workbench.HOVER_FOREGROUND,ERROR_COLOR,HYPERLINK_COLOR,INCOMING_COLOR,OUTGOING_COLOR,RESOLVED_COLOR,EDITION_COLOR,org.eclipse.search.ui.match.highlight,org.eclipse.ui.editors.rangeIndicatorColor,org.eclipse.jface.REVISION_NEWEST_COLOR,org.eclipse.jface.REVISION_OLDEST_COLOR,
[2025-12-04 12:42:38] Performing Preference /instance/org.eclipse.ui.workbench/RESOLVED_COLOR = 108,210,17
[2025-12-04 12:42:38] Performing Preference /instance/org.eclipse.wst.sse.ui/content_assist_completion_replacement_background = 200,200,0
[2025-12-04 12:42:38] Performing Preference /instance/org.eclipse.wst.sse.ui/content_assist_completion_replacement_foreground = 200,0,0
[2025-12-04 12:42:38] Performing Preference /instance/org.eclipse.wst.sse.ui/content_assist_parameters_background = 52,57,61
[2025-12-04 12:42:38] Performing Preference /instance/org.eclipse.wst.sse.ui/content_assist_parameters_foreground = 238,238,238
[2025-12-04 12:42:38] Performing Preference /instance/org.eclipse.wst.sse.ui/content_assist_proposals_background = 52,57,61
[2025-12-04 12:42:38] Performing Preference /instance/org.eclipse.wst.sse.ui/content_assist_proposals_foreground = 238,238,238
[2025-12-04 12:42:38] Performing Preference /instance/org.eclipse.wst.sse.ui/overriddenByCSS = ,content_assist_completion_replacement_background,content_assist_completion_replacement_foreground,content_assist_parameters_background,content_assist_parameters_foreground,content_assist_proposals_background,content_assist_proposals_foreground,
[2025-12-04 12:42:38] 
